"Node Name","taxon A","taxon B","Node Age","Study reference"
"n1","Peucedramus taeniatus","Platyspiza crassirostris",22.4922461,"Oliveros et al. 2019"
"n1","Peucedramus taeniatus","Platyspiza crassirostris",26.1280567441861,"Hooper et al. 2017"
"n1","Peucedramus taeniatus","Platyspiza crassirostris",34.9391702824074,"Hedges et al. 2015 - chronogram 1"
"n1","Peucedramus taeniatus","Platyspiza crassirostris",35.0999999914286,"Hedges et al. 2015 - chronogram 2"
"n1","Peucedramus taeniatus","Platyspiza crassirostris",42.3068185883839,"Jetz et al. 2012 - chronogram 2"
"n1","Peucedramus taeniatus","Platyspiza crassirostris",43.0587563207071,"Jetz et al. 2012 - chronogram 1"
"n2","Platyspiza crassirostris","Urocynchramus pylzowi",21.7398085,"Oliveros et al. 2019"
"n3","Platyspiza crassirostris","Serinus melanochrous",10.6957998276766,"Kimball et al. 2019 - chronogram 1"
"n3","Platyspiza crassirostris","Serinus melanochrous",10.7070417407303,"Kimball et al. 2019 - chronogram 2"
"n3","Platyspiza crassirostris","Serinus melanochrous",16.057334,"Gibb et al. 2015"
"n3","Platyspiza crassirostris","Serinus melanochrous",17.110396,"Oliveros et al. 2019"
"n3","Platyspiza crassirostris","Serinus melanochrous",19.26560752345,"Price et al. 2014 - chronogram 2"
"n3","Platyspiza crassirostris","Serinus melanochrous",20.1983174977778,"Hooper et al. 2017"
"n3","Platyspiza crassirostris","Serinus melanochrous",20.43652851,"Price et al. 2014 - chronogram 1"
"n3","Platyspiza crassirostris","Serinus melanochrous",20.9297192526316,"Barker et al. 2015 - chronogram 2"
"n3","Platyspiza crassirostris","Serinus melanochrous",20.9984847684211,"Barker et al. 2015 - chronogram 1"
"n3","Platyspiza crassirostris","Serinus melanochrous",20.9999974355,"Barker et al. 2013"
"n3","Platyspiza crassirostris","Serinus melanochrous",21.7097835,"Claramunt et al. 2015"
"n3","Platyspiza crassirostris","Serinus melanochrous",24.485349628882,"Jetz et al. 2012 - chronogram 1"
"n3","Platyspiza crassirostris","Serinus melanochrous",24.799999982353,"Hedges et al. 2015 - chronogram 2"
"n3","Platyspiza crassirostris","Serinus melanochrous",24.8145811952381,"Hedges et al. 2015 - chronogram 1"
"n3","Platyspiza crassirostris","Serinus melanochrous",26.009455,"Uyeda et al 2017"
"n3","Platyspiza crassirostris","Serinus melanochrous",26.0094552124224,"Jetz et al. 2012 - chronogram 2"
"n3","Platyspiza crassirostris","Serinus melanochrous",40.3552933399123,"Roquet et al. 2014 - chronogram 1"
"n3","Platyspiza crassirostris","Serinus melanochrous",40.3552933399123,"Roquet et al. 2014 - chronogram 2"
"n4","Peucaea botterii","Platyspiza crassirostris",14.3336515330189,"Barker et al. 2015 - chronogram 1"
"n4","Peucaea botterii","Platyspiza crassirostris",14.3384040343,"Barker et al. 2013"
"n4","Peucaea botterii","Platyspiza crassirostris",15.126634,"Oliveros et al. 2019"
"n4","Peucaea botterii","Platyspiza crassirostris",15.7294316121,"Price et al. 2014 - chronogram 2"
"n4","Peucaea botterii","Platyspiza crassirostris",16.9499602619048,"Hooper et al. 2017"
"n4","Peucaea botterii","Platyspiza crassirostris",17.5198903473783,"Barker et al. 2015 - chronogram 2"
"n4","Peucaea botterii","Platyspiza crassirostris",17.849318,"Claramunt et al. 2015"
"n4","Peucaea botterii","Platyspiza crassirostris",34.68336625,"Roquet et al. 2014 - chronogram 1"
"n4","Peucaea botterii","Platyspiza crassirostris",34.68336625,"Roquet et al. 2014 - chronogram 2"
"n5","Calcarius lapponicus","Platyspiza crassirostris",13.825429391844,"Barker et al. 2015 - chronogram 1"
"n5","Calcarius lapponicus","Platyspiza crassirostris",20.874674867347,"Hedges et al. 2015 - chronogram 1"
"n5","Calcarius lapponicus","Platyspiza crassirostris",22,"Hedges et al. 2015 - chronogram 2"
"n6","Caryothraustes poliogaster","Platyspiza crassirostris",8.26745700846277,"Kimball et al. 2019 - chronogram 1"
"n6","Caryothraustes poliogaster","Platyspiza crassirostris",8.27735233338171,"Kimball et al. 2019 - chronogram 2"
"n6","Caryothraustes poliogaster","Platyspiza crassirostris",12.9942327288,"Barker et al. 2013"
"n6","Caryothraustes poliogaster","Platyspiza crassirostris",13.0241186141304,"Barker et al. 2015 - chronogram 1"
"n6","Caryothraustes poliogaster","Platyspiza crassirostris",13.3766918369565,"Barker et al. 2015 - chronogram 2"
"n6","Caryothraustes poliogaster","Platyspiza crassirostris",14.9711462,"Hooper et al. 2017"
"n6","Caryothraustes poliogaster","Platyspiza crassirostris",19.70859,"Hedges et al. 2015 - chronogram 2"
"n6","Caryothraustes poliogaster","Platyspiza crassirostris",19.7128367575251,"Hedges et al. 2015 - chronogram 1"
"n6","Caryothraustes poliogaster","Platyspiza crassirostris",44.295860316,"Burns et al. 2014"
"n7","Parkerthraustes humeralis","Platyspiza crassirostris",11.6676580357143,"Barker et al. 2015 - chronogram 1"
"n7","Parkerthraustes humeralis","Platyspiza crassirostris",11.7029912288,"Barker et al. 2013"
"n7","Parkerthraustes humeralis","Platyspiza crassirostris",12.1303811309524,"Barker et al. 2015 - chronogram 2"
"n7","Parkerthraustes humeralis","Platyspiza crassirostris",13.725361,"Hooper et al. 2017"
"n7","Parkerthraustes humeralis","Platyspiza crassirostris",16.8285592083333,"Hedges et al. 2015 - chronogram 1"
"n7","Parkerthraustes humeralis","Platyspiza crassirostris",19.70859,"Hedges et al. 2015 - chronogram 2"
"n7","Parkerthraustes humeralis","Platyspiza crassirostris",42.3492072942,"Burns et al. 2014"
"n8","Platyspiza crassirostris","Rowettia goughensis",11.30746447,"Barker et al. 2013"
"n8","Platyspiza crassirostris","Rowettia goughensis",11.52186525,"Barker et al. 2015 - chronogram 1"
"n8","Platyspiza crassirostris","Rowettia goughensis",11.9991534,"Barker et al. 2015 - chronogram 2"
"n8","Platyspiza crassirostris","Rowettia goughensis",13.568996,"Hedges et al. 2015 - chronogram 2"
"n8","Platyspiza crassirostris","Rowettia goughensis",13.7135732380953,"Hedges et al. 2015 - chronogram 1"
"n8","Platyspiza crassirostris","Rowettia goughensis",41.415444347,"Burns et al. 2014"
"n9","Cyanerpes nitidus","Platyspiza crassirostris",11.0467304,"Barker et al. 2015 - chronogram 1"
"n9","Cyanerpes nitidus","Platyspiza crassirostris",11.1502880282,"Barker et al. 2013"
"n9","Cyanerpes nitidus","Platyspiza crassirostris",11.5387415333333,"Barker et al. 2015 - chronogram 2"
"n9","Cyanerpes nitidus","Platyspiza crassirostris",39.790034793,"Burns et al. 2014"
"n10","Hemispingus trifasciatus","Platyspiza crassirostris",10.8823207857143,"Barker et al. 2015 - chronogram 1"
"n10","Hemispingus trifasciatus","Platyspiza crassirostris",11.0161546932,"Barker et al. 2013"
"n10","Hemispingus trifasciatus","Platyspiza crassirostris",11.3772735714286,"Barker et al. 2015 - chronogram 2"
"n10","Hemispingus trifasciatus","Platyspiza crassirostris",39.2617699,"Burns et al. 2014"
"n11","Melopyrrha nigra","Platyspiza crassirostris",5.77380600000001,"Hedges et al. 2015 - chronogram 1"
"n11","Melopyrrha nigra","Platyspiza crassirostris",5.98275150000001,"Jetz et al. 2012 - chronogram 1"
"n11","Melopyrrha nigra","Platyspiza crassirostris",6.02610000000001,"Jetz et al. 2012 - chronogram 2"
"n11","Melopyrrha nigra","Platyspiza crassirostris",6.02610400000001,"Hedges et al. 2015 - chronogram 2"
"n11","Melopyrrha nigra","Platyspiza crassirostris",22.4057625,"Burns et al. 2014"
"n12","Embernagra platensis","Hemispingus trifasciatus",10.6775303076923,"Barker et al. 2015 - chronogram 1"
"n12","Embernagra platensis","Hemispingus trifasciatus",10.6834550736,"Barker et al. 2013"
"n12","Embernagra platensis","Hemispingus trifasciatus",10.8467496333333,"Hedges et al. 2015 - chronogram 1"
"n12","Embernagra platensis","Hemispingus trifasciatus",10.884839,"Hedges et al. 2015 - chronogram 2"
"n12","Embernagra platensis","Hemispingus trifasciatus",11.1312706153846,"Barker et al. 2015 - chronogram 2"
"n12","Embernagra platensis","Hemispingus trifasciatus",38.5162644939,"Burns et al. 2014"
"n13","Hemispingus trifasciatus","Hemispingus verticalis",7.14332016666668,"Jetz et al. 2012 - chronogram 1"
"n13","Hemispingus trifasciatus","Hemispingus verticalis",7.98643700000001,"Hedges et al. 2015 - chronogram 2"
"n13","Hemispingus trifasciatus","Hemispingus verticalis",7.98643891666669,"Jetz et al. 2012 - chronogram 2"
"n13","Hemispingus trifasciatus","Hemispingus verticalis",8.48935218181819,"Hedges et al. 2015 - chronogram 1"
"n13","Hemispingus trifasciatus","Hemispingus verticalis",8.49867277272728,"Barker et al. 2015 - chronogram 1"
"n13","Hemispingus trifasciatus","Hemispingus verticalis",8.85715313636364,"Barker et al. 2015 - chronogram 2"
"n13","Hemispingus trifasciatus","Hemispingus verticalis",30.6197690769,"Burns et al. 2014"
"n14","Hemispingus rufosuperciliaris","Hemispingus trifasciatus",7.92990833333334,"Barker et al. 2015 - chronogram 1"
"n14","Hemispingus rufosuperciliaris","Hemispingus trifasciatus",8.25236816666667,"Barker et al. 2015 - chronogram 2"
"n14","Hemispingus rufosuperciliaris","Hemispingus trifasciatus",28.6131824039,"Burns et al. 2014"
"n15","Hemispingus atropileus","Hemispingus trifasciatus",6.64274350000002,"Jetz et al. 2012 - chronogram 1"
"n15","Hemispingus atropileus","Hemispingus trifasciatus",6.7062131746,"Barker et al. 2013"
"n15","Hemispingus atropileus","Hemispingus trifasciatus",7.23771378571429,"Barker et al. 2015 - chronogram 1"
"n15","Hemispingus atropileus","Hemispingus trifasciatus",7.42677975000002,"Jetz et al. 2012 - chronogram 2"
"n15","Hemispingus atropileus","Hemispingus trifasciatus",7.53518539285715,"Barker et al. 2015 - chronogram 2"
"n15","Hemispingus atropileus","Hemispingus trifasciatus",26.1228047229,"Burns et al. 2014"
"n16","Hemispingus superciliaris","Hemispingus trifasciatus",6.11235300000002,"Jetz et al. 2012 - chronogram 1"
"n16","Hemispingus superciliaris","Hemispingus trifasciatus",6.83378812500001,"Jetz et al. 2012 - chronogram 2"
"n16","Hemispingus superciliaris","Hemispingus trifasciatus",24.6808977029,"Burns et al. 2014"
"n17","Donacospiza albifrons","Hemispingus trifasciatus",5.531842,"Barker et al. 2015 - chronogram 1"
"n17","Donacospiza albifrons","Hemispingus trifasciatus",5.58335900000002,"Jetz et al. 2012 - chronogram 1"
"n17","Donacospiza albifrons","Hemispingus trifasciatus",5.7899205,"Barker et al. 2015 - chronogram 2"
"n17","Donacospiza albifrons","Hemispingus trifasciatus",6.24235750000001,"Jetz et al. 2012 - chronogram 2"
"n17","Donacospiza albifrons","Hemispingus trifasciatus",19.9933410569,"Burns et al. 2014"
"n18","Hemispingus piurae","Hemispingus superciliaris",5.38092300000002,"Jetz et al. 2012 - chronogram 1"
"n18","Hemispingus piurae","Hemispingus superciliaris",5.4544835,"Barker et al. 2015 - chronogram 1"
"n18","Hemispingus piurae","Hemispingus superciliaris",5.716284,"Barker et al. 2015 - chronogram 2"
"n18","Hemispingus piurae","Hemispingus superciliaris",5.82981200000001,"Hedges et al. 2015 - chronogram 1"
"n18","Hemispingus piurae","Hemispingus superciliaris",6.01602750000001,"Jetz et al. 2012 - chronogram 2"
"n18","Hemispingus piurae","Hemispingus superciliaris",6.01603000000001,"Hedges et al. 2015 - chronogram 2"
"n18","Hemispingus piurae","Hemispingus superciliaris",19.7332102029,"Burns et al. 2014"
"n19","Hemispingus frontalis","Hemispingus piurae",3.41847000000002,"Jetz et al. 2012 - chronogram 1"
"n19","Hemispingus frontalis","Hemispingus piurae",3.82194900000002,"Jetz et al. 2012 - chronogram 2"
"n19","Hemispingus frontalis","Hemispingus piurae",3.82195000000001,"Hedges et al. 2015 - chronogram 2"
"n19","Hemispingus frontalis","Hemispingus piurae",3.85380300000001,"Hedges et al. 2015 - chronogram 1"
"n20","Hemispingus frontalis","Hemispingus melanotis",2.224304,"Hedges et al. 2015 - chronogram 1"
"n20","Hemispingus frontalis","Hemispingus melanotis",2.30949000000002,"Jetz et al. 2012 - chronogram 1"
"n20","Hemispingus frontalis","Hemispingus melanotis",2.52066,"Barker et al. 2015 - chronogram 1"
"n20","Hemispingus frontalis","Hemispingus melanotis",2.58207700000002,"Jetz et al. 2012 - chronogram 2"
"n20","Hemispingus frontalis","Hemispingus melanotis",2.58208000000001,"Hedges et al. 2015 - chronogram 2"
"n20","Hemispingus frontalis","Hemispingus melanotis",2.633439,"Barker et al. 2015 - chronogram 2"
"n20","Hemispingus frontalis","Hemispingus melanotis",9.1221721529,"Burns et al. 2014"
"n21","Hemispingus atropileus","Hemispingus calophrys",3.80926200000002,"Jetz et al. 2012 - chronogram 1"
"n21","Hemispingus atropileus","Hemispingus calophrys",4.25886450000002,"Jetz et al. 2012 - chronogram 2"
"n21","Hemispingus atropileus","Hemispingus calophrys",4.25886700000001,"Hedges et al. 2015 - chronogram 2"
"n21","Hemispingus atropileus","Hemispingus calophrys",4.3095475,"Barker et al. 2015 - chronogram 1"
"n21","Hemispingus atropileus","Hemispingus calophrys",4.5212235,"Barker et al. 2015 - chronogram 2"
"n21","Hemispingus atropileus","Hemispingus calophrys",15.6205824029,"Burns et al. 2014"
"n22","Hemispingus atropileus","Hemispingus auricularis",0.152605000000015,"Jetz et al. 2012 - chronogram 1"
"n22","Hemispingus atropileus","Hemispingus auricularis",0.170617000000007,"Hedges et al. 2015 - chronogram 2"
"n22","Hemispingus atropileus","Hemispingus auricularis",0.170617000000014,"Jetz et al. 2012 - chronogram 2"
"n22","Hemispingus atropileus","Hemispingus auricularis",2.794203,"Barker et al. 2015 - chronogram 1"
"n22","Hemispingus atropileus","Hemispingus auricularis",2.916752,"Barker et al. 2015 - chronogram 2"
"n22","Hemispingus atropileus","Hemispingus auricularis",10.0425071099,"Burns et al. 2014"
"n23","Hemispingus calophrys","Hemispingus parodii",0.168066000000017,"Jetz et al. 2012 - chronogram 1"
"n23","Hemispingus calophrys","Hemispingus parodii",0.187902000000008,"Hedges et al. 2015 - chronogram 2"
"n23","Hemispingus calophrys","Hemispingus parodii",0.187902000000015,"Jetz et al. 2012 - chronogram 2"
"n23","Hemispingus calophrys","Hemispingus parodii",0.485319000000011,"Hedges et al. 2015 - chronogram 1"
"n23","Hemispingus calophrys","Hemispingus parodii",0.524469000000003,"Barker et al. 2015 - chronogram 1"
"n23","Hemispingus calophrys","Hemispingus parodii",0.547085000000003,"Barker et al. 2015 - chronogram 2"
"n23","Hemispingus calophrys","Hemispingus parodii",1.8749574429,"Burns et al. 2014"
"n24","Hemispingus goeringi","Hemispingus rufosuperciliaris",3.448338,"Barker et al. 2015 - chronogram 1"
"n24","Hemispingus goeringi","Hemispingus rufosuperciliaris",3.612718,"Barker et al. 2015 - chronogram 2"
"n24","Hemispingus goeringi","Hemispingus rufosuperciliaris",12.4798856239,"Burns et al. 2014"
"n25","Hemispingus verticalis","Hemispingus xanthophthalmus",2.443078,"Barker et al. 2015 - chronogram 1"
"n25","Hemispingus verticalis","Hemispingus xanthophthalmus",2.539029,"Barker et al. 2015 - chronogram 2"
"n25","Hemispingus verticalis","Hemispingus xanthophthalmus",2.66112700000001,"Jetz et al. 2012 - chronogram 1"
"n25","Hemispingus verticalis","Hemispingus xanthophthalmus",2.71939500000001,"Hedges et al. 2015 - chronogram 1"
"n25","Hemispingus verticalis","Hemispingus xanthophthalmus",2.97521700000001,"Jetz et al. 2012 - chronogram 2"
"n25","Hemispingus verticalis","Hemispingus xanthophthalmus",2.97522000000001,"Hedges et al. 2015 - chronogram 2"
"n25","Hemispingus verticalis","Hemispingus xanthophthalmus",8.6938903669,"Burns et al. 2014"
"n26","Cyanerpes nitidus","Tersina viridis",7.50823850000001,"Jetz et al. 2012 - chronogram 1"
"n26","Cyanerpes nitidus","Tersina viridis",8.2959073022,"Barker et al. 2013"
"n26","Cyanerpes nitidus","Tersina viridis",8.39442737500001,"Jetz et al. 2012 - chronogram 2"
"n26","Cyanerpes nitidus","Tersina viridis",8.39443000000001,"Hedges et al. 2015 - chronogram 2"
"n26","Cyanerpes nitidus","Tersina viridis",8.48579000000001,"Hedges et al. 2015 - chronogram 1"
"n26","Cyanerpes nitidus","Tersina viridis",8.8163465,"Barker et al. 2015 - chronogram 1"
"n26","Cyanerpes nitidus","Tersina viridis",9.21688,"Barker et al. 2015 - chronogram 2"
"n26","Cyanerpes nitidus","Tersina viridis",30.668784379,"Burns et al. 2014"
"n27","Cyanerpes caeruleus","Cyanerpes nitidus",5.83172400000001,"Jetz et al. 2012 - chronogram 1"
"n27","Cyanerpes caeruleus","Cyanerpes nitidus",6.477491,"Barker et al. 2015 - chronogram 1"
"n27","Cyanerpes caeruleus","Cyanerpes nitidus",6.52003683333334,"Jetz et al. 2012 - chronogram 2"
"n27","Cyanerpes caeruleus","Cyanerpes nitidus",6.52003700000001,"Hedges et al. 2015 - chronogram 2"
"n27","Cyanerpes caeruleus","Cyanerpes nitidus",6.55177000000001,"Hedges et al. 2015 - chronogram 1"
"n27","Cyanerpes caeruleus","Cyanerpes nitidus",6.764931,"Barker et al. 2015 - chronogram 2"
"n27","Cyanerpes caeruleus","Cyanerpes nitidus",23.533230059,"Burns et al. 2014"
"n28","Cyanerpes lucidus","Cyanerpes nitidus",3.42747000000001,"Jetz et al. 2012 - chronogram 1"
"n28","Cyanerpes lucidus","Cyanerpes nitidus",3.651433,"Barker et al. 2015 - chronogram 1"
"n28","Cyanerpes lucidus","Cyanerpes nitidus",3.825467,"Barker et al. 2015 - chronogram 2"
"n28","Cyanerpes lucidus","Cyanerpes nitidus",3.83201000000001,"Hedges et al. 2015 - chronogram 2"
"n28","Cyanerpes lucidus","Cyanerpes nitidus",3.83201100000001,"Jetz et al. 2012 - chronogram 2"
"n28","Cyanerpes lucidus","Cyanerpes nitidus",3.86831100000001,"Hedges et al. 2015 - chronogram 1"
"n28","Cyanerpes lucidus","Cyanerpes nitidus",13.215847159,"Burns et al. 2014"
"n29","Cyanerpes caeruleus","Cyanerpes cyaneus",0.419655000000002,"Barker et al. 2015 - chronogram 1"
"n29","Cyanerpes caeruleus","Cyanerpes cyaneus",0.439735000000002,"Barker et al. 2015 - chronogram 2"
"n29","Cyanerpes caeruleus","Cyanerpes cyaneus",1.527280189,"Burns et al. 2014"
"n30","Parkerthraustes humeralis","Porphyrospiza caerulescens",10.1178767548,"Barker et al. 2013"
"n30","Parkerthraustes humeralis","Porphyrospiza caerulescens",11.3209985,"Barker et al. 2015 - chronogram 1"
"n30","Parkerthraustes humeralis","Porphyrospiza caerulescens",11.8334635,"Barker et al. 2015 - chronogram 2"
"n30","Parkerthraustes humeralis","Porphyrospiza caerulescens",13.568996,"Hedges et al. 2015 - chronogram 2"
"n30","Parkerthraustes humeralis","Porphyrospiza caerulescens",13.681746,"Hedges et al. 2015 - chronogram 1"
"n30","Parkerthraustes humeralis","Porphyrospiza caerulescens",40.7510338792,"Burns et al. 2014"
"n31","Caryothraustes poliogaster","Orthogonys chloricterus",12.3367948695652,"Barker et al. 2015 - chronogram 1"
"n31","Caryothraustes poliogaster","Orthogonys chloricterus",12.3401284723,"Barker et al. 2013"
"n32","Caryothraustes poliogaster","Pheucticus ludovicianus",10.5304438333333,"Barker et al. 2015 - chronogram 1"
"n32","Caryothraustes poliogaster","Pheucticus ludovicianus",10.5379092113,"Barker et al. 2013"
"n32","Caryothraustes poliogaster","Pheucticus ludovicianus",11.2095374444444,"Barker et al. 2015 - chronogram 2"
"n32","Caryothraustes poliogaster","Pheucticus ludovicianus",12.7421825,"Hooper et al. 2017"
"n32","Caryothraustes poliogaster","Pheucticus ludovicianus",14.5872600666667,"Jetz et al. 2012 - chronogram 1"
"n32","Caryothraustes poliogaster","Pheucticus ludovicianus",18.037853,"Jetz et al. 2012 - chronogram 2"
"n32","Caryothraustes poliogaster","Pheucticus ludovicianus",18.03786,"Hedges et al. 2015 - chronogram 2"
"n32","Caryothraustes poliogaster","Pheucticus ludovicianus",18.1570689388889,"Hedges et al. 2015 - chronogram 1"
"n32","Caryothraustes poliogaster","Pheucticus ludovicianus",38.1656654238,"Burns et al. 2014"
"n33","Caryothraustes poliogaster","Cyanoloxia cyanoides",10.0136627272727,"Barker et al. 2015 - chronogram 1"
"n33","Caryothraustes poliogaster","Cyanoloxia cyanoides",10.2731275385,"Barker et al. 2013"
"n33","Caryothraustes poliogaster","Cyanoloxia cyanoides",10.6297969090909,"Barker et al. 2015 - chronogram 2"
"n33","Caryothraustes poliogaster","Cyanoloxia cyanoides",14.63893,"Hedges et al. 2015 - chronogram 2"
"n33","Caryothraustes poliogaster","Cyanoloxia cyanoides",14.6762402272727,"Hedges et al. 2015 - chronogram 1"
"n34","Cardinalis cardinalis","Caryothraustes poliogaster",6.9794358915,"Barker et al. 2013"
"n34","Cardinalis cardinalis","Caryothraustes poliogaster",7.922348,"Barker et al. 2015 - chronogram 1"
"n34","Cardinalis cardinalis","Caryothraustes poliogaster",8.402722,"Barker et al. 2015 - chronogram 2"
"n34","Cardinalis cardinalis","Caryothraustes poliogaster",11.664436,"Jetz et al. 2012 - chronogram 1"
"n34","Cardinalis cardinalis","Caryothraustes poliogaster",13.936526,"Hedges et al. 2015 - chronogram 1"
"n34","Cardinalis cardinalis","Caryothraustes poliogaster",14.42364,"Hedges et al. 2015 - chronogram 2"
"n34","Cardinalis cardinalis","Caryothraustes poliogaster",14.42364,"Jetz et al. 2012 - chronogram 2"
"n35","Caryothraustes poliogaster","Rhodothraupis celaeno",6.3225445011,"Barker et al. 2013"
"n35","Caryothraustes poliogaster","Rhodothraupis celaeno",6.548661,"Barker et al. 2015 - chronogram 1"
"n35","Caryothraustes poliogaster","Rhodothraupis celaeno",6.970271,"Barker et al. 2015 - chronogram 2"
"n35","Caryothraustes poliogaster","Rhodothraupis celaeno",9.420663,"Jetz et al. 2012 - chronogram 1"
"n35","Caryothraustes poliogaster","Rhodothraupis celaeno",11.379882,"Hedges et al. 2015 - chronogram 1"
"n35","Caryothraustes poliogaster","Rhodothraupis celaeno",11.649106,"Jetz et al. 2012 - chronogram 2"
"n35","Caryothraustes poliogaster","Rhodothraupis celaeno",11.64911,"Hedges et al. 2015 - chronogram 2"
"n36","Caryothraustes canadensis","Caryothraustes poliogaster",2.354804,"Barker et al. 2015 - chronogram 1"
"n36","Caryothraustes canadensis","Caryothraustes poliogaster",2.522654,"Barker et al. 2015 - chronogram 2"
"n36","Caryothraustes canadensis","Caryothraustes poliogaster",3.35649300000001,"Jetz et al. 2012 - chronogram 1"
"n36","Caryothraustes canadensis","Caryothraustes poliogaster",3.85634800000002,"Hedges et al. 2015 - chronogram 1"
"n36","Caryothraustes canadensis","Caryothraustes poliogaster",4.15046600000002,"Jetz et al. 2012 - chronogram 2"
"n36","Caryothraustes canadensis","Caryothraustes poliogaster",4.15047000000001,"Hedges et al. 2015 - chronogram 2"
"n37","Periporphyrus erythromelas","Rhodothraupis celaeno",4.5800958281,"Barker et al. 2013"
"n37","Periporphyrus erythromelas","Rhodothraupis celaeno",5.124363,"Barker et al. 2015 - chronogram 1"
"n37","Periporphyrus erythromelas","Rhodothraupis celaeno",5.452941,"Barker et al. 2015 - chronogram 2"
"n37","Periporphyrus erythromelas","Rhodothraupis celaeno",7.00534,"Jetz et al. 2012 - chronogram 1"
"n37","Periporphyrus erythromelas","Rhodothraupis celaeno",8.65570300000002,"Hedges et al. 2015 - chronogram 1"
"n37","Periporphyrus erythromelas","Rhodothraupis celaeno",8.66244000000001,"Hedges et al. 2015 - chronogram 2"
"n37","Periporphyrus erythromelas","Rhodothraupis celaeno",8.66244200000001,"Jetz et al. 2012 - chronogram 2"
"n38","Cardinalis cardinalis","Cardinalis sinuatus",4.178799,"Barker et al. 2015 - chronogram 1"
"n38","Cardinalis cardinalis","Cardinalis sinuatus",4.449966,"Barker et al. 2015 - chronogram 2"
"n38","Cardinalis cardinalis","Cardinalis sinuatus",5.35522900000001,"Jetz et al. 2012 - chronogram 1"
"n38","Cardinalis cardinalis","Cardinalis sinuatus",5.964478,"Hooper et al. 2017"
"n38","Cardinalis cardinalis","Cardinalis sinuatus",6.55174700000001,"Hedges et al. 2015 - chronogram 1"
"n38","Cardinalis cardinalis","Cardinalis sinuatus",6.60564600000001,"Uyeda et al 2017"
"n38","Cardinalis cardinalis","Cardinalis sinuatus",6.62200000000001,"Hedges et al. 2015 - chronogram 2"
"n38","Cardinalis cardinalis","Cardinalis sinuatus",6.62200000000001,"Jetz et al. 2012 - chronogram 2"
"n39","Cardinalis phoeniceus","Cardinalis sinuatus",3.863452,"Barker et al. 2015 - chronogram 1"
"n39","Cardinalis phoeniceus","Cardinalis sinuatus",4.119973,"Barker et al. 2015 - chronogram 2"
"n40","Cyanoloxia cyanoides","Spiza americana",7.3844931915,"Barker et al. 2013"
"n40","Cyanoloxia cyanoides","Spiza americana",7.68467325,"Barker et al. 2015 - chronogram 1"
"n40","Cyanoloxia cyanoides","Spiza americana",8.2329609,"Barker et al. 2015 - chronogram 2"
"n40","Cyanoloxia cyanoides","Spiza americana",10.3269032272727,"Jetz et al. 2012 - chronogram 1"
"n40","Cyanoloxia cyanoides","Spiza americana",12.7697,"Hedges et al. 2015 - chronogram 2"
"n40","Cyanoloxia cyanoides","Spiza americana",12.7697151363637,"Jetz et al. 2012 - chronogram 2"
"n40","Cyanoloxia cyanoides","Spiza americana",12.78833425,"Hedges et al. 2015 - chronogram 1"
"n41","Cyanocompsa parellina","Cyanoloxia cyanoides",4.9521149745,"Barker et al. 2013"
"n41","Cyanocompsa parellina","Cyanoloxia cyanoides",6.03728464285715,"Barker et al. 2015 - chronogram 1"
"n41","Cyanocompsa parellina","Cyanoloxia cyanoides",6.44350585714286,"Barker et al. 2015 - chronogram 2"
"n41","Cyanocompsa parellina","Cyanoloxia cyanoides",9.18512251785715,"Jetz et al. 2012 - chronogram 1"
"n41","Cyanocompsa parellina","Cyanoloxia cyanoides",11.1445442777778,"Hedges et al. 2015 - chronogram 1"
"n41","Cyanocompsa parellina","Cyanoloxia cyanoides",11.3578482142857,"Jetz et al. 2012 - chronogram 2"
"n41","Cyanocompsa parellina","Cyanoloxia cyanoides",11.357856,"Hedges et al. 2015 - chronogram 2"
"n42","Cyanoloxia cyanoides","Cyanoloxia glaucocaerulea",5.58516100000001,"Jetz et al. 2012 - chronogram 1"
"n42","Cyanoloxia cyanoides","Cyanoloxia glaucocaerulea",6.90632100000001,"Jetz et al. 2012 - chronogram 2"
"n43","Cyanocompsa brissonii","Cyanoloxia glaucocaerulea",2.195783,"Barker et al. 2015 - chronogram 1"
"n43","Cyanocompsa brissonii","Cyanoloxia glaucocaerulea",2.333011,"Barker et al. 2015 - chronogram 2"
"n43","Cyanocompsa brissonii","Cyanoloxia glaucocaerulea",3.20892300000001,"Jetz et al. 2012 - chronogram 1"
"n43","Cyanocompsa brissonii","Cyanoloxia glaucocaerulea",3.96798800000001,"Jetz et al. 2012 - chronogram 2"
"n44","Cyanocompsa parellina","Passerina cyanea",4.3913852595,"Barker et al. 2013"
"n44","Cyanocompsa parellina","Passerina cyanea",6.83892799409999,"Price et al. 2014 - chronogram 2"
"n44","Cyanocompsa parellina","Passerina cyanea",9.53000000000001,"Hedges et al. 2015 - chronogram 2"
"n45","Passerina cyanea","Passerina rositae",4.59360133333334,"Barker et al. 2015 - chronogram 1"
"n45","Passerina cyanea","Passerina rositae",4.89242766666667,"Barker et al. 2015 - chronogram 2"
"n45","Passerina cyanea","Passerina rositae",6.64423358333335,"Jetz et al. 2012 - chronogram 1"
"n45","Passerina cyanea","Passerina rositae",8.21591625000002,"Jetz et al. 2012 - chronogram 2"
"n45","Passerina cyanea","Passerina rositae",8.21592000000001,"Hedges et al. 2015 - chronogram 2"
"n45","Passerina cyanea","Passerina rositae",8.39005033333335,"Hedges et al. 2015 - chronogram 1"
"n46","Passerina amoena","Passerina cyanea",4.1722035,"Barker et al. 2015 - chronogram 1"
"n46","Passerina amoena","Passerina cyanea",4.4588335,"Barker et al. 2015 - chronogram 2"
"n47","Passerina amoena","Passerina caerulea",2.729388,"Barker et al. 2015 - chronogram 1"
"n47","Passerina amoena","Passerina caerulea",2.906225,"Barker et al. 2015 - chronogram 2"
"n47","Passerina amoena","Passerina caerulea",3.53575600000001,"Hedges et al. 2015 - chronogram 1"
"n47","Passerina amoena","Passerina caerulea",3.68654900000001,"Jetz et al. 2012 - chronogram 1"
"n47","Passerina amoena","Passerina caerulea",3.82930000000001,"Hedges et al. 2015 - chronogram 2"
"n47","Passerina amoena","Passerina caerulea",4.55859700000002,"Jetz et al. 2012 - chronogram 2"
"n48","Passerina leclancherii","Passerina rositae",3.905956,"Barker et al. 2015 - chronogram 1"
"n48","Passerina leclancherii","Passerina rositae",4.158319,"Barker et al. 2015 - chronogram 2"
"n48","Passerina leclancherii","Passerina rositae",5.43023250000001,"Jetz et al. 2012 - chronogram 1"
"n48","Passerina leclancherii","Passerina rositae",6.71473800000001,"Hedges et al. 2015 - chronogram 2"
"n48","Passerina leclancherii","Passerina rositae",6.71474550000001,"Jetz et al. 2012 - chronogram 2"
"n48","Passerina leclancherii","Passerina rositae",6.73438600000001,"Hedges et al. 2015 - chronogram 1"
"n49","Passerina ciris","Passerina leclancherii",3.499712,"Barker et al. 2015 - chronogram 1"
"n49","Passerina ciris","Passerina leclancherii",3.730351,"Barker et al. 2015 - chronogram 2"
"n49","Passerina ciris","Passerina leclancherii",4.64571200000001,"Jetz et al. 2012 - chronogram 1"
"n49","Passerina ciris","Passerina leclancherii",5.49273700000002,"Hedges et al. 2015 - chronogram 1"
"n49","Passerina ciris","Passerina leclancherii",5.74464000000001,"Hedges et al. 2015 - chronogram 2"
"n49","Passerina ciris","Passerina leclancherii",5.74464800000001,"Jetz et al. 2012 - chronogram 2"
"n50","Passerina ciris","Passerina versicolor",1.579934,"Barker et al. 2015 - chronogram 1"
"n50","Passerina ciris","Passerina versicolor",1.677595,"Barker et al. 2015 - chronogram 2"
"n50","Passerina ciris","Passerina versicolor",2.00007100000001,"Jetz et al. 2012 - chronogram 1"
"n50","Passerina ciris","Passerina versicolor",2.13659000000001,"Hedges et al. 2015 - chronogram 2"
"n50","Passerina ciris","Passerina versicolor",2.20495800000002,"Hedges et al. 2015 - chronogram 1"
"n50","Passerina ciris","Passerina versicolor",2.47318500000002,"Jetz et al. 2012 - chronogram 2"
"n51","Pheucticus ludovicianus","Pheucticus tibialis",2.68910600000001,"Barker et al. 2015 - chronogram 1"
"n51","Pheucticus ludovicianus","Pheucticus tibialis",2.86337,"Barker et al. 2015 - chronogram 2"
"n51","Pheucticus ludovicianus","Pheucticus tibialis",3.53231400000001,"Jetz et al. 2012 - chronogram 1"
"n51","Pheucticus ludovicianus","Pheucticus tibialis",3.770464,"Hooper et al. 2017"
"n51","Pheucticus ludovicianus","Pheucticus tibialis",4.36787700000001,"Jetz et al. 2012 - chronogram 2"
"n51","Pheucticus ludovicianus","Pheucticus tibialis",4.36788000000001,"Hedges et al. 2015 - chronogram 2"
"n51","Pheucticus ludovicianus","Pheucticus tibialis",4.64600550000002,"Hedges et al. 2015 - chronogram 1"
"n52","Pheucticus ludovicianus","Pheucticus melanocephalus",2.82947800000001,"Jetz et al. 2012 - chronogram 1"
"n52","Pheucticus ludovicianus","Pheucticus melanocephalus",3.39391600000002,"Hedges et al. 2015 - chronogram 1"
"n52","Pheucticus ludovicianus","Pheucticus melanocephalus",3.49878700000001,"Jetz et al. 2012 - chronogram 2"
"n52","Pheucticus ludovicianus","Pheucticus melanocephalus",3.49879000000001,"Hedges et al. 2015 - chronogram 2"
"n53","Pheucticus aureoventris","Pheucticus tibialis",1.603603,"Barker et al. 2015 - chronogram 1"
"n53","Pheucticus aureoventris","Pheucticus tibialis",1.711826,"Barker et al. 2015 - chronogram 2"
"n54","Pheucticus aureoventris","Pheucticus chrysogaster",0.487106000000004,"Barker et al. 2015 - chronogram 1"
"n54","Pheucticus aureoventris","Pheucticus chrysogaster",0.519135000000002,"Barker et al. 2015 - chronogram 2"
"n55","Calcarius lapponicus","Calcarius mccownii",3.6532998643,"Barker et al. 2013"
"n55","Calcarius lapponicus","Calcarius mccownii",3.73928616666667,"Barker et al. 2015 - chronogram 1"
"n55","Calcarius lapponicus","Calcarius mccownii",7.94146916666667,"Barker et al. 2015 - chronogram 2"
"n55","Calcarius lapponicus","Calcarius mccownii",17.31709775,"Jetz et al. 2012 - chronogram 1"
"n55","Calcarius lapponicus","Calcarius mccownii",18.434773875,"Jetz et al. 2012 - chronogram 2"
"n55","Calcarius lapponicus","Calcarius mccownii",18.434817,"Hedges et al. 2015 - chronogram 2"
"n55","Calcarius lapponicus","Calcarius mccownii",18.596952,"Hedges et al. 2015 - chronogram 1"
"n55","Calcarius lapponicus","Calcarius mccownii",21.999977,"Roquet et al. 2014 - chronogram 1"
"n55","Calcarius lapponicus","Calcarius mccownii",21.999977,"Roquet et al. 2014 - chronogram 2"
"n56","Calcarius lapponicus","Calcarius ornatus",3.096973,"Barker et al. 2015 - chronogram 1"
"n56","Calcarius lapponicus","Calcarius ornatus",6.728169,"Barker et al. 2015 - chronogram 2"
"n57","Calcarius ornatus","Calcarius pictus",0.619111,"Barker et al. 2015 - chronogram 1"
"n57","Calcarius ornatus","Calcarius pictus",1.396422,"Barker et al. 2015 - chronogram 2"
"n57","Calcarius ornatus","Calcarius pictus",4.680924,"Jetz et al. 2012 - chronogram 1"
"n57","Calcarius ornatus","Calcarius pictus",4.96453200000001,"Hedges et al. 2015 - chronogram 1"
"n57","Calcarius ornatus","Calcarius pictus",4.98303900000001,"Jetz et al. 2012 - chronogram 2"
"n57","Calcarius ornatus","Calcarius pictus",4.98304000000001,"Hedges et al. 2015 - chronogram 2"
"n58","Calcarius mccownii","Plectrophenax hyperboreus",2.7181595,"Barker et al. 2015 - chronogram 1"
"n58","Calcarius mccownii","Plectrophenax hyperboreus",5.9281565,"Barker et al. 2015 - chronogram 2"
"n59","Plectrophenax hyperboreus","Plectrophenax nivalis",0.0179270000000002,"Barker et al. 2015 - chronogram 1"
"n59","Plectrophenax hyperboreus","Plectrophenax nivalis",0.0424880000000023,"Barker et al. 2015 - chronogram 2"
"n59","Plectrophenax hyperboreus","Plectrophenax nivalis",0.694793000000004,"Jetz et al. 2012 - chronogram 1"
"n59","Plectrophenax hyperboreus","Plectrophenax nivalis",0.739637000000009,"Hedges et al. 2015 - chronogram 2"
"n59","Plectrophenax hyperboreus","Plectrophenax nivalis",0.739637000000016,"Jetz et al. 2012 - chronogram 2"
"n59","Plectrophenax hyperboreus","Plectrophenax nivalis",0.900084000000014,"Hedges et al. 2015 - chronogram 1"
"n60","Peucaea botterii","Phaeothlypis fulvicauda",13.2094277439024,"Barker et al. 2015 - chronogram 1"
"n60","Peucaea botterii","Phaeothlypis fulvicauda",16.1694468513514,"Jetz et al. 2012 - chronogram 1"
"n60","Peucaea botterii","Phaeothlypis fulvicauda",18.9842434054054,"Jetz et al. 2012 - chronogram 2"
"n61","Emberiza cineracea","Peucaea botterii",11.8365884642857,"Barker et al. 2015 - chronogram 1"
"n61","Emberiza cineracea","Peucaea botterii",12.0212920490196,"Jetz et al. 2012 - chronogram 2"
"n61","Emberiza cineracea","Peucaea botterii",12.3801572941177,"Jetz et al. 2012 - chronogram 1"
"n61","Emberiza cineracea","Peucaea botterii",15.0180973529412,"Hooper et al. 2017"
"n62","Buarremon atricapillus","Peucaea botterii",9.4190176,"Barker et al. 2015 - chronogram 1"
"n62","Buarremon atricapillus","Peucaea botterii",10.675734,"Hedges et al. 2015 - chronogram 2"
"n62","Buarremon atricapillus","Peucaea botterii",10.6757405,"Jetz et al. 2012 - chronogram 2"
"n62","Buarremon atricapillus","Peucaea botterii",10.994438,"Jetz et al. 2012 - chronogram 1"
"n62","Buarremon atricapillus","Peucaea botterii",11.0784013,"Barker et al. 2015 - chronogram 2"
"n63","Peucaea aestivalis","Peucaea botterii",4.283028,"Barker et al. 2015 - chronogram 1"
"n63","Peucaea aestivalis","Peucaea botterii",5.042879,"Barker et al. 2015 - chronogram 2"
"n63","Peucaea aestivalis","Peucaea botterii",5.08002100000002,"Jetz et al. 2012 - chronogram 2"
"n63","Peucaea aestivalis","Peucaea botterii",5.23167200000001,"Jetz et al. 2012 - chronogram 1"
"n64","Buarremon atricapillus","Buarremon virenticeps",6.9250485,"Barker et al. 2015 - chronogram 1"
"n64","Buarremon atricapillus","Buarremon virenticeps",8.153625375,"Barker et al. 2015 - chronogram 2"
"n65","Buarremon assimilis","Buarremon atricapillus",2.829111,"Barker et al. 2015 - chronogram 1"
"n65","Buarremon assimilis","Buarremon atricapillus",3.32794983333334,"Barker et al. 2015 - chronogram 2"
"n66","Buarremon assimilis","Buarremon torquatus",2.627278,"Barker et al. 2015 - chronogram 1"
"n66","Buarremon assimilis","Buarremon torquatus",3.1019775,"Barker et al. 2015 - chronogram 2"
"n67","Buarremon basilicus","Buarremon torquatus",2.400018,"Barker et al. 2015 - chronogram 1"
"n67","Buarremon basilicus","Buarremon torquatus",2.822795,"Barker et al. 2015 - chronogram 2"
"n68","Emberiza affinis","Emberiza cineracea",11.8826647777778,"Hedges et al. 2015 - chronogram 1"
"n69","Emberiza fucata","Emberiza sulphurata",9.86224548245614,"Barker et al. 2015 - chronogram 1"
"n69","Emberiza fucata","Emberiza sulphurata",9.8811884504,"Barker et al. 2013"
"n69","Emberiza fucata","Emberiza sulphurata",11.068228,"Hedges et al. 2015 - chronogram 2"
"n69","Emberiza fucata","Emberiza sulphurata",11.068228862069,"Jetz et al. 2012 - chronogram 2"
"n69","Emberiza fucata","Emberiza sulphurata",11.3986430896552,"Jetz et al. 2012 - chronogram 1"
"n69","Emberiza fucata","Emberiza sulphurata",11.7317624140351,"Barker et al. 2015 - chronogram 2"
"n69","Emberiza fucata","Emberiza sulphurata",12.5133866857143,"Hooper et al. 2017"
"n69","Emberiza fucata","Emberiza sulphurata",22.6332555,"Roquet et al. 2014 - chronogram 1"
"n69","Emberiza fucata","Emberiza sulphurata",22.6332555,"Roquet et al. 2014 - chronogram 2"
"n70","Emberiza cabanisi","Emberiza sulphurata",9.49641275,"Barker et al. 2015 - chronogram 1"
"n70","Emberiza cabanisi","Emberiza sulphurata",11.2171700571429,"Barker et al. 2015 - chronogram 2"
"n71","Emberiza sulphurata","Schoeniclus siemsseni",6.9919767,"Barker et al. 2015 - chronogram 1"
"n71","Emberiza sulphurata","Schoeniclus siemsseni",8.31124782222223,"Barker et al. 2015 - chronogram 2"
"n71","Emberiza sulphurata","Schoeniclus siemsseni",14.707067,"Roquet et al. 2014 - chronogram 1"
"n71","Emberiza sulphurata","Schoeniclus siemsseni",14.707067,"Roquet et al. 2014 - chronogram 2"
"n72","Emberiza sulphurata","Emberiza tristrami",4.442445,"Barker et al. 2015 - chronogram 1"
"n72","Emberiza sulphurata","Emberiza tristrami",4.75047,"Hedges et al. 2015 - chronogram 2"
"n72","Emberiza sulphurata","Emberiza tristrami",5.10966366666668,"Hedges et al. 2015 - chronogram 1"
"n72","Emberiza sulphurata","Emberiza tristrami",5.3044906875,"Barker et al. 2015 - chronogram 2"
"n72","Emberiza sulphurata","Emberiza tristrami",5.67751768750001,"Jetz et al. 2012 - chronogram 2"
"n72","Emberiza sulphurata","Emberiza tristrami",5.847006,"Jetz et al. 2012 - chronogram 1"
"n73","Emberiza rutila","Emberiza tristrami",3.700981,"Gibb et al. 2015"
"n73","Emberiza rutila","Emberiza tristrami",4.236491,"Barker et al. 2015 - chronogram 1"
"n73","Emberiza rutila","Emberiza tristrami",4.99769536666667,"Barker et al. 2015 - chronogram 2"
"n73","Emberiza rutila","Emberiza tristrami",8.051326,"Roquet et al. 2014 - chronogram 1"
"n73","Emberiza rutila","Emberiza tristrami",8.051326,"Roquet et al. 2014 - chronogram 2"
"n74","Emberiza tristrami","Schoeniclus aureolus",4.004985,"Barker et al. 2015 - chronogram 1"
"n74","Emberiza tristrami","Schoeniclus aureolus",4.7968755,"Barker et al. 2015 - chronogram 2"
"n74","Emberiza tristrami","Schoeniclus aureolus",5.490092,"Hooper et al. 2017"
"n75","Emberiza tristrami","Emberiza variabilis",2.374003,"Gibb et al. 2015"
"n75","Emberiza tristrami","Emberiza variabilis",2.841971,"Barker et al. 2015 - chronogram 1"
"n75","Emberiza tristrami","Emberiza variabilis",3.13284800000001,"Hedges et al. 2015 - chronogram 1"
"n75","Emberiza tristrami","Emberiza variabilis",3.31082,"Hedges et al. 2015 - chronogram 2"
"n75","Emberiza tristrami","Emberiza variabilis",3.31082200000002,"Jetz et al. 2012 - chronogram 2"
"n75","Emberiza tristrami","Emberiza variabilis",3.393143,"Barker et al. 2015 - chronogram 2"
"n75","Emberiza tristrami","Emberiza variabilis",3.4096585,"Jetz et al. 2012 - chronogram 1"
"n76","Emberiza chrysophrys","Emberiza variabilis",2.42620400000001,"Barker et al. 2015 - chronogram 1"
"n76","Emberiza chrysophrys","Emberiza variabilis",2.910425,"Barker et al. 2015 - chronogram 2"
"n77","Schoeniclus aureolus","Schoeniclus spodocephala",3.06729300000001,"Barker et al. 2015 - chronogram 1"
"n77","Schoeniclus aureolus","Schoeniclus spodocephala",3.35363900000002,"Jetz et al. 2012 - chronogram 2"
"n77","Schoeniclus aureolus","Schoeniclus spodocephala",3.453753,"Jetz et al. 2012 - chronogram 1"
"n77","Schoeniclus aureolus","Schoeniclus spodocephala",3.647307,"Barker et al. 2015 - chronogram 2"
"n77","Schoeniclus aureolus","Schoeniclus spodocephala",4.662278,"Hooper et al. 2017"
"n78","Emberiza pusilla","Emberiza rutila",3.31742000000001,"Barker et al. 2015 - chronogram 1"
"n78","Emberiza pusilla","Emberiza rutila",3.9618945,"Barker et al. 2015 - chronogram 2"
"n79","Emberiza pusilla","Schoeniclus rusticus",2.908207,"Barker et al. 2015 - chronogram 1"
"n79","Emberiza pusilla","Schoeniclus rusticus",3.425585,"Barker et al. 2015 - chronogram 2"
"n80","Schoeniclus siemsseni","Schoeniclus yessoensis",6.49010433333334,"Barker et al. 2015 - chronogram 1"
"n80","Schoeniclus siemsseni","Schoeniclus yessoensis",7.019624,"Hooper et al. 2017"
"n80","Schoeniclus siemsseni","Schoeniclus yessoensis",7.72497916666667,"Barker et al. 2015 - chronogram 2"
"n81","Schoeniclus elegans","Schoeniclus siemsseni",5.16435300000001,"Barker et al. 2015 - chronogram 1"
"n81","Schoeniclus elegans","Schoeniclus siemsseni",6.099995,"Barker et al. 2015 - chronogram 2"
"n81","Schoeniclus elegans","Schoeniclus siemsseni",6.35349500000001,"Jetz et al. 2012 - chronogram 2"
"n81","Schoeniclus elegans","Schoeniclus siemsseni",6.54316300000001,"Jetz et al. 2012 - chronogram 1"
"n82","Emberiza schoeniclus","Schoeniclus yessoensis",5.6971505,"Barker et al. 2015 - chronogram 1"
"n82","Emberiza schoeniclus","Schoeniclus yessoensis",6.37737750000001,"Jetz et al. 2012 - chronogram 2"
"n82","Emberiza schoeniclus","Schoeniclus yessoensis",6.567758,"Jetz et al. 2012 - chronogram 1"
"n82","Emberiza schoeniclus","Schoeniclus yessoensis",6.7971455,"Barker et al. 2015 - chronogram 2"
"n83","Emberiza pallasi","Emberiza schoeniclus",3.314184,"Barker et al. 2015 - chronogram 1"
"n83","Emberiza pallasi","Emberiza schoeniclus",3.70174600000001,"Hedges et al. 2015 - chronogram 1"
"n83","Emberiza pallasi","Emberiza schoeniclus",3.74086600000001,"Jetz et al. 2012 - chronogram 2"
"n83","Emberiza pallasi","Emberiza schoeniclus",3.74087000000001,"Hedges et al. 2015 - chronogram 2"
"n83","Emberiza pallasi","Emberiza schoeniclus",3.85254,"Jetz et al. 2012 - chronogram 1"
"n83","Emberiza pallasi","Emberiza schoeniclus",3.959238,"Barker et al. 2015 - chronogram 2"
"n83","Emberiza pallasi","Emberiza schoeniclus",8.222689,"Roquet et al. 2014 - chronogram 1"
"n83","Emberiza pallasi","Emberiza schoeniclus",8.222689,"Roquet et al. 2014 - chronogram 2"
"n84","Emberiza cabanisi","Emberiza capensis",6.5713,"Barker et al. 2015 - chronogram 1"
"n84","Emberiza cabanisi","Emberiza capensis",7.8426605,"Barker et al. 2015 - chronogram 2"
"n84","Emberiza cabanisi","Emberiza capensis",7.86356350000001,"Hedges et al. 2015 - chronogram 1"
"n84","Emberiza cabanisi","Emberiza capensis",7.97930700000001,"Jetz et al. 2012 - chronogram 2"
"n84","Emberiza cabanisi","Emberiza capensis",7.97930800000001,"Hedges et al. 2015 - chronogram 2"
"n84","Emberiza cabanisi","Emberiza capensis",8.21750983333334,"Jetz et al. 2012 - chronogram 1"
"n85","Emberiza cabanisi","Emberiza flaviventris",4.928633,"Barker et al. 2015 - chronogram 1"
"n85","Emberiza cabanisi","Emberiza flaviventris",5.66434800000001,"Hedges et al. 2015 - chronogram 1"
"n85","Emberiza cabanisi","Emberiza flaviventris",5.68626800000001,"Jetz et al. 2012 - chronogram 2"
"n85","Emberiza cabanisi","Emberiza flaviventris",5.68627000000001,"Hedges et al. 2015 - chronogram 2"
"n85","Emberiza cabanisi","Emberiza flaviventris",5.85601800000001,"Jetz et al. 2012 - chronogram 1"
"n85","Emberiza cabanisi","Emberiza flaviventris",5.926397,"Barker et al. 2015 - chronogram 2"
"n86","Emberiza capensis","Fringillaria impetuani",4.51792200000001,"Barker et al. 2015 - chronogram 1"
"n86","Emberiza capensis","Fringillaria impetuani",5.28671500000002,"Jetz et al. 2012 - chronogram 2"
"n86","Emberiza capensis","Fringillaria impetuani",5.394214,"Barker et al. 2015 - chronogram 2"
"n86","Emberiza capensis","Fringillaria impetuani",5.44453675,"Jetz et al. 2012 - chronogram 1"
"n87","Fringillaria impetuani","Fringillaria tahapisi",3.909441,"Barker et al. 2015 - chronogram 1"
"n87","Fringillaria impetuani","Fringillaria tahapisi",4.46451700000001,"Jetz et al. 2012 - chronogram 2"
"n87","Fringillaria impetuani","Fringillaria tahapisi",4.59779450000001,"Jetz et al. 2012 - chronogram 1"
"n87","Fringillaria impetuani","Fringillaria tahapisi",4.654654,"Barker et al. 2015 - chronogram 2"
"n88","Emberiza fucata","Emberiza melanocephala",8.58662358333334,"Barker et al. 2015 - chronogram 1"
"n88","Emberiza fucata","Emberiza melanocephala",10.2276568333333,"Barker et al. 2015 - chronogram 2"
"n88","Emberiza fucata","Emberiza melanocephala",11.21244949,"Price et al. 2014 - chronogram 2"
"n89","Emberiza cirlus","Emberiza fucata",6.98209809090909,"Barker et al. 2015 - chronogram 1"
"n89","Emberiza cirlus","Emberiza fucata",8.34276654545455,"Barker et al. 2015 - chronogram 2"
"n89","Emberiza cirlus","Emberiza fucata",9.93709408900001,"Price et al. 2014 - chronogram 2"
"n90","Emberiza cirlus","Emberiza jankowskii",6.28489714285715,"Barker et al. 2015 - chronogram 1"
"n90","Emberiza cirlus","Emberiza jankowskii",7.20068696428573,"Jetz et al. 2012 - chronogram 2"
"n90","Emberiza cirlus","Emberiza jankowskii",7.20069000000001,"Hedges et al. 2015 - chronogram 2"
"n90","Emberiza cirlus","Emberiza jankowskii",7.31366992857144,"Hedges et al. 2015 - chronogram 1"
"n90","Emberiza cirlus","Emberiza jankowskii",7.41564458928573,"Jetz et al. 2012 - chronogram 1"
"n90","Emberiza cirlus","Emberiza jankowskii",7.50031996428572,"Barker et al. 2015 - chronogram 2"
"n90","Emberiza cirlus","Emberiza jankowskii",7.83386468700001,"Price et al. 2014 - chronogram 2"
"n90","Emberiza cirlus","Emberiza jankowskii",8.395487,"Hooper et al. 2017"
"n90","Emberiza cirlus","Emberiza jankowskii",15.556762,"Roquet et al. 2014 - chronogram 1"
"n90","Emberiza cirlus","Emberiza jankowskii",15.556762,"Roquet et al. 2014 - chronogram 2"
"n91","Emberiza buchanani","Emberiza cirlus",5.73080916666667,"Barker et al. 2015 - chronogram 1"
"n91","Emberiza buchanani","Emberiza cirlus",6.20840783333335,"Hedges et al. 2015 - chronogram 1"
"n91","Emberiza buchanani","Emberiza cirlus",6.38273000000001,"Hedges et al. 2015 - chronogram 2"
"n91","Emberiza buchanani","Emberiza cirlus",6.38273045833335,"Jetz et al. 2012 - chronogram 2"
"n91","Emberiza buchanani","Emberiza cirlus",6.57327050000001,"Jetz et al. 2012 - chronogram 1"
"n91","Emberiza buchanani","Emberiza cirlus",6.83985325,"Barker et al. 2015 - chronogram 2"
"n92","Emberiza buchanani","Emberiza stewarti",5.08431933333334,"Barker et al. 2015 - chronogram 1"
"n92","Emberiza buchanani","Emberiza stewarti",5.90855610200001,"Price et al. 2014 - chronogram 2"
"n92","Emberiza buchanani","Emberiza stewarti",6.1533425,"Barker et al. 2015 - chronogram 2"
"n92","Emberiza buchanani","Emberiza stewarti",7.09067,"Hooper et al. 2017"
"n93","Emberiza buchanani","Emberiza hortulana",4.13205,"Barker et al. 2015 - chronogram 1"
"n93","Emberiza buchanani","Emberiza hortulana",4.66688250000001,"Hedges et al. 2015 - chronogram 1"
"n93","Emberiza buchanani","Emberiza hortulana",4.92540000000001,"Hedges et al. 2015 - chronogram 2"
"n93","Emberiza buchanani","Emberiza hortulana",4.92540250000002,"Jetz et al. 2012 - chronogram 2"
"n93","Emberiza buchanani","Emberiza hortulana",4.929422,"Barker et al. 2015 - chronogram 2"
"n93","Emberiza buchanani","Emberiza hortulana",5.07243800000001,"Jetz et al. 2012 - chronogram 1"
"n94","Emberiza caesia","Emberiza hortulana",0.565032000000002,"Barker et al. 2015 - chronogram 1"
"n94","Emberiza caesia","Emberiza hortulana",0.674812000000003,"Barker et al. 2015 - chronogram 2"
"n94","Emberiza caesia","Emberiza hortulana",1.70859400000001,"Hedges et al. 2015 - chronogram 1"
"n94","Emberiza caesia","Emberiza hortulana",1.97395700000002,"Jetz et al. 2012 - chronogram 2"
"n94","Emberiza caesia","Emberiza hortulana",1.97396000000001,"Hedges et al. 2015 - chronogram 2"
"n94","Emberiza caesia","Emberiza hortulana",2.03288400000001,"Jetz et al. 2012 - chronogram 1"
"n94","Emberiza caesia","Emberiza hortulana",4.755103,"Roquet et al. 2014 - chronogram 1"
"n94","Emberiza caesia","Emberiza hortulana",4.755103,"Roquet et al. 2014 - chronogram 2"
"n95","Emberiza citrinella","Emberiza stewarti",3.17575600000001,"Hedges et al. 2015 - chronogram 2"
"n95","Emberiza citrinella","Emberiza stewarti",3.17575800000002,"Jetz et al. 2012 - chronogram 2"
"n95","Emberiza citrinella","Emberiza stewarti",3.2685975,"Barker et al. 2015 - chronogram 1"
"n95","Emberiza citrinella","Emberiza stewarti",3.27056200000001,"Jetz et al. 2012 - chronogram 1"
"n95","Emberiza citrinella","Emberiza stewarti",3.37227200000001,"Hedges et al. 2015 - chronogram 1"
"n95","Emberiza citrinella","Emberiza stewarti",3.91198600000001,"Barker et al. 2015 - chronogram 2"
"n96","Emberiza citrinella","Emberiza leucocephalos",0.151623000000008,"Hedges et al. 2015 - chronogram 2"
"n96","Emberiza citrinella","Emberiza leucocephalos",0.201199000000003,"Barker et al. 2015 - chronogram 1"
"n96","Emberiza citrinella","Emberiza leucocephalos",0.240930000000006,"Barker et al. 2015 - chronogram 2"
"n96","Emberiza citrinella","Emberiza leucocephalos",0.273246000000015,"Jetz et al. 2012 - chronogram 2"
"n96","Emberiza citrinella","Emberiza leucocephalos",0.281403000000012,"Jetz et al. 2012 - chronogram 1"
"n96","Emberiza citrinella","Emberiza leucocephalos",0.576026000000013,"Hedges et al. 2015 - chronogram 1"
"n96","Emberiza citrinella","Emberiza leucocephalos",2.289823,"Hooper et al. 2017"
"n97","Emberiza cioides","Emberiza jankowskii",3.72341400000001,"Barker et al. 2015 - chronogram 1"
"n97","Emberiza cioides","Emberiza jankowskii",3.88927400000001,"Hedges et al. 2015 - chronogram 1"
"n97","Emberiza cioides","Emberiza jankowskii",4.08614000000001,"Hedges et al. 2015 - chronogram 2"
"n97","Emberiza cioides","Emberiza jankowskii",4.08614033333335,"Jetz et al. 2012 - chronogram 2"
"n97","Emberiza cioides","Emberiza jankowskii",4.20812150000001,"Jetz et al. 2012 - chronogram 1"
"n97","Emberiza cioides","Emberiza jankowskii",4.48700366666667,"Barker et al. 2015 - chronogram 2"
"n98","Emberiza cioides","Emberiza godlewskii",1.74321800000001,"Hedges et al. 2015 - chronogram 2"
"n98","Emberiza cioides","Emberiza godlewskii",1.74321850000001,"Jetz et al. 2012 - chronogram 2"
"n98","Emberiza cioides","Emberiza godlewskii",1.79525800000001,"Jetz et al. 2012 - chronogram 1"
"n98","Emberiza cioides","Emberiza godlewskii",1.99924400000001,"Hedges et al. 2015 - chronogram 1"
"n98","Emberiza cioides","Emberiza godlewskii",2.302851,"Barker et al. 2015 - chronogram 1"
"n98","Emberiza cioides","Emberiza godlewskii",2.7409905,"Barker et al. 2015 - chronogram 2"
"n99","Emberiza cia","Emberiza godlewskii",1.775394,"Barker et al. 2015 - chronogram 1"
"n99","Emberiza cia","Emberiza godlewskii",2.096173,"Barker et al. 2015 - chronogram 2"
"n99","Emberiza cia","Emberiza godlewskii",2.48431866800001,"Price et al. 2014 - chronogram 2"
"n100","Emberiza melanocephala","Melophus lathami",4.910559,"Barker et al. 2015 - chronogram 1"
"n100","Emberiza melanocephala","Melophus lathami",5.73810800000001,"Jetz et al. 2012 - chronogram 2"
"n100","Emberiza melanocephala","Melophus lathami",5.8217245,"Barker et al. 2015 - chronogram 2"
"n100","Emberiza melanocephala","Melophus lathami",5.90940500000001,"Jetz et al. 2012 - chronogram 1"
"n100","Emberiza melanocephala","Melophus lathami",6.779049,"Hooper et al. 2017"
"n101","Emberiza bruniceps","Emberiza melanocephala",3.345849,"Barker et al. 2015 - chronogram 1"
"n101","Emberiza bruniceps","Emberiza melanocephala",3.57683500000001,"Jetz et al. 2012 - chronogram 2"
"n101","Emberiza bruniceps","Emberiza melanocephala",3.57684000000001,"Hedges et al. 2015 - chronogram 2"
"n101","Emberiza bruniceps","Emberiza melanocephala",3.68361300000001,"Jetz et al. 2012 - chronogram 1"
"n101","Emberiza bruniceps","Emberiza melanocephala",3.69693900000001,"Hedges et al. 2015 - chronogram 1"
"n101","Emberiza bruniceps","Emberiza melanocephala",3.95413,"Barker et al. 2015 - chronogram 2"
"n101","Emberiza bruniceps","Emberiza melanocephala",4.976151,"Hooper et al. 2017"
"n102","Fringilla montifringilla","Serinus melanochrous",17.0080395118,"Price et al. 2014 - chronogram 2"
"n102","Fringilla montifringilla","Serinus melanochrous",17.8075443125,"Hooper et al. 2017"
"n102","Fringilla montifringilla","Serinus melanochrous",36.2711531470588,"Roquet et al. 2014 - chronogram 1"
"n102","Fringilla montifringilla","Serinus melanochrous",36.2711531470588,"Roquet et al. 2014 - chronogram 2"
"n103","Euphonia anneae","Serinus melanochrous",14.25603,"Barker et al. 2015 - chronogram 1"
"n103","Euphonia anneae","Serinus melanochrous",14.3831680147,"Barker et al. 2013"
"n103","Euphonia anneae","Serinus melanochrous",15.536162,"Barker et al. 2015 - chronogram 2"
"n104","Eophona migratoria","Serinus melanochrous",14.6542715118,"Price et al. 2014 - chronogram 2"
"n104","Eophona migratoria","Serinus melanochrous",15.3113573846154,"Hooper et al. 2017"
"n104","Eophona migratoria","Serinus melanochrous",16.4999998850877,"Hedges et al. 2015 - chronogram 2"
"n104","Eophona migratoria","Serinus melanochrous",16.913548757732,"Hedges et al. 2015 - chronogram 1"
"n104","Eophona migratoria","Serinus melanochrous",18.1045817286822,"Jetz et al. 2012 - chronogram 1"
"n104","Eophona migratoria","Serinus melanochrous",19.2315117848837,"Jetz et al. 2012 - chronogram 2"
"n104","Eophona migratoria","Serinus melanochrous",31.34497315625,"Roquet et al. 2014 - chronogram 1"
"n104","Eophona migratoria","Serinus melanochrous",31.34497315625,"Roquet et al. 2014 - chronogram 2"
"n105","Carpodacus synoicus","Serinus melanochrous",12.7860290668,"Price et al. 2014 - chronogram 2"
"n105","Carpodacus synoicus","Serinus melanochrous",12.9952367,"Hooper et al. 2017"
"n105","Carpodacus synoicus","Serinus melanochrous",15.783345798916,"Jetz et al. 2012 - chronogram 1"
"n105","Carpodacus synoicus","Serinus melanochrous",16.7657895574526,"Jetz et al. 2012 - chronogram 2"
"n105","Carpodacus synoicus","Serinus melanochrous",16.975661,"Uyeda et al 2017"
"n105","Carpodacus synoicus","Serinus melanochrous",28.5683971785714,"Roquet et al. 2014 - chronogram 1"
"n105","Carpodacus synoicus","Serinus melanochrous",28.5683971785714,"Roquet et al. 2014 - chronogram 2"
"n107","Haemorhous mexicanus","Serinus melanochrous",11.686047,"Hooper et al. 2017"
"n108","Chloris chloris","Serinus melanochrous",8.473842,"Hooper et al. 2017"
"n108","Chloris chloris","Serinus melanochrous",9.73763630000001,"Jetz et al. 2012 - chronogram 1"
"n108","Chloris chloris","Serinus melanochrous",10.3437614375,"Jetz et al. 2012 - chronogram 2"
"n108","Chloris chloris","Serinus melanochrous",19.4876312083333,"Roquet et al. 2014 - chronogram 1"
"n108","Chloris chloris","Serinus melanochrous",19.4876312083333,"Roquet et al. 2014 - chronogram 2"
"n109","Serinus gularis","Serinus melanochrous",8.10979062745099,"Jetz et al. 2012 - chronogram 1"
"n109","Serinus gularis","Serinus melanochrous",8.61458944607844,"Jetz et al. 2012 - chronogram 2"
"n109","Serinus gularis","Serinus melanochrous",8.76000004761906,"Hedges et al. 2015 - chronogram 2"
"n109","Serinus gularis","Serinus melanochrous",9.37010080000001,"Hedges et al. 2015 - chronogram 1"
"n110","Linaria flavirostris","Serinus thibetanus",6.9135515908,"Price et al. 2014 - chronogram 2"
"n110","Linaria flavirostris","Serinus thibetanus",7.110173,"Hooper et al. 2017"
"n110","Linaria flavirostris","Serinus thibetanus",15.8491793125,"Roquet et al. 2014 - chronogram 1"
"n110","Linaria flavirostris","Serinus thibetanus",15.8491793125,"Roquet et al. 2014 - chronogram 2"
"n112","Linaria cannabina","Linaria flavirostris",4.91044900000001,"Roquet et al. 2014 - chronogram 1"
"n112","Linaria cannabina","Linaria flavirostris",4.91044900000001,"Roquet et al. 2014 - chronogram 2"
"n113","Acanthis hornemanni","Loxia leucoptera",4.76491,"Hooper et al. 2017"
"n113","Acanthis hornemanni","Loxia leucoptera",5.28814350000001,"Jetz et al. 2012 - chronogram 1"
"n113","Acanthis hornemanni","Loxia leucoptera",5.61730687500001,"Jetz et al. 2012 - chronogram 2"
"n114","Loxia leucoptera","Loxia scotica",1.55990400000001,"Jetz et al. 2012 - chronogram 1"
"n114","Loxia leucoptera","Loxia scotica",1.65700083333334,"Jetz et al. 2012 - chronogram 2"
"n114","Loxia leucoptera","Loxia scotica",1.94501,"Roquet et al. 2014 - chronogram 1"
"n114","Loxia leucoptera","Loxia scotica",1.94501,"Roquet et al. 2014 - chronogram 2"
"n114","Loxia leucoptera","Loxia scotica",2.185667,"Hedges et al. 2015 - chronogram 2"
"n114","Loxia leucoptera","Loxia scotica",2.21621800000001,"Hedges et al. 2015 - chronogram 1"
"n115","Loxia curvirostra","Loxia scotica",0.233024,"Roquet et al. 2014 - chronogram 1"
"n115","Loxia curvirostra","Loxia scotica",0.233024,"Roquet et al. 2014 - chronogram 2"
"n115","Loxia curvirostra","Loxia scotica",0.53871500000001,"Jetz et al. 2012 - chronogram 1"
"n115","Loxia curvirostra","Loxia scotica",0.57224750000001,"Jetz et al. 2012 - chronogram 2"
"n115","Loxia curvirostra","Loxia scotica",0.572248000000002,"Hedges et al. 2015 - chronogram 2"
"n115","Loxia curvirostra","Loxia scotica",0.986208000000012,"Hedges et al. 2015 - chronogram 1"
"n116","Loxia curvirostra","Loxia pytyopsittacus",0.233024,"Roquet et al. 2014 - chronogram 1"
"n116","Loxia curvirostra","Loxia pytyopsittacus",0.233024,"Roquet et al. 2014 - chronogram 2"
"n116","Loxia curvirostra","Loxia pytyopsittacus",0.35076200000001,"Jetz et al. 2012 - chronogram 1"
"n116","Loxia curvirostra","Loxia pytyopsittacus",0.372596000000001,"Hedges et al. 2015 - chronogram 2"
"n116","Loxia curvirostra","Loxia pytyopsittacus",0.372596000000009,"Jetz et al. 2012 - chronogram 2"
"n116","Loxia curvirostra","Loxia pytyopsittacus",0.44309100000001,"Hedges et al. 2015 - chronogram 1"
"n117","Acanthis flammea","Acanthis hornemanni",0.104290000000006,"Roquet et al. 2014 - chronogram 1"
"n117","Acanthis flammea","Acanthis hornemanni",0.104290000000006,"Roquet et al. 2014 - chronogram 2"
"n117","Acanthis flammea","Acanthis hornemanni",0.530384000000012,"Jetz et al. 2012 - chronogram 1"
"n117","Acanthis flammea","Acanthis hornemanni",0.563398000000014,"Jetz et al. 2012 - chronogram 2"
"n118","Serinus estherae","Serinus thibetanus",6.08619700000001,"Hooper et al. 2017"
"n119","Serinus canaria","Serinus thibetanus",3.062399,"Gibb et al. 2015"
"n121","Spinus notatus","Spinus xanthogastrus",4.29613100000001,"Hooper et al. 2017"
"n121","Spinus notatus","Spinus xanthogastrus",4.71207700000001,"Jetz et al. 2012 - chronogram 1"
"n121","Spinus notatus","Spinus xanthogastrus",5.00538433333335,"Jetz et al. 2012 - chronogram 2"
"n121","Spinus notatus","Spinus xanthogastrus",5.24570300000001,"Uyeda et al 2017"
"n129","Spinus psaltria","Spinus tristis",3.675903,"Jetz et al. 2012 - chronogram 1"
"n129","Spinus psaltria","Spinus tristis",3.90471200000001,"Jetz et al. 2012 - chronogram 2"
"n130","Spinus lawrencei","Spinus psaltria",1.73727100000001,"Jetz et al. 2012 - chronogram 1"
"n130","Spinus lawrencei","Spinus psaltria",1.84540800000001,"Jetz et al. 2012 - chronogram 2"
"n134","Serinus albogularis","Serinus reichardi",1.78815000000002,"Jetz et al. 2012 - chronogram 1"
"n134","Serinus albogularis","Serinus reichardi",1.89945000000001,"Hedges et al. 2015 - chronogram 2"
"n134","Serinus albogularis","Serinus reichardi",1.89945400000001,"Jetz et al. 2012 - chronogram 2"
"n134","Serinus albogularis","Serinus reichardi",1.99376300000002,"Hedges et al. 2015 - chronogram 1"
"n135","Serinus alario","Serinus pusillus",2.97772100000001,"Jetz et al. 2012 - chronogram 1"
"n135","Serinus alario","Serinus pusillus",3.16307116666668,"Jetz et al. 2012 - chronogram 2"
"n135","Serinus alario","Serinus pusillus",4.02102300000001,"Hedges et al. 2015 - chronogram 2"
"n135","Serinus alario","Serinus pusillus",4.11826066666668,"Hedges et al. 2015 - chronogram 1"
"n136","Serinus pusillus","Serinus syriacus",1.69240200000002,"Hedges et al. 2015 - chronogram 1"
"n136","Serinus pusillus","Serinus syriacus",1.8,"Hedges et al. 2015 - chronogram 2"
"n137","Serinus alario","Serinus canicollis",2.27913400000001,"Jetz et al. 2012 - chronogram 1"
"n137","Serinus alario","Serinus canicollis",2.42100050000001,"Jetz et al. 2012 - chronogram 2"
"n137","Serinus alario","Serinus canicollis",3.08915250000002,"Hedges et al. 2015 - chronogram 1"
"n137","Serinus alario","Serinus canicollis",3.30700000000001,"Hedges et al. 2015 - chronogram 2"
"n138","Serinus canicollis","Serinus flavivertex",1.35890400000002,"Hedges et al. 2015 - chronogram 1"
"n138","Serinus canicollis","Serinus flavivertex",1.42426500000001,"Jetz et al. 2012 - chronogram 1"
"n138","Serinus canicollis","Serinus flavivertex",1.512919,"Jetz et al. 2012 - chronogram 2"
"n138","Serinus canicollis","Serinus flavivertex",1.51292000000001,"Hedges et al. 2015 - chronogram 2"
"n141","Carduelis citrinella","Carduelis corsicana",5.19300900000001,"Jetz et al. 2012 - chronogram 1"
"n141","Carduelis citrinella","Carduelis corsicana",5.51625000000001,"Hedges et al. 2015 - chronogram 2"
"n141","Carduelis citrinella","Carduelis corsicana",5.51625100000001,"Jetz et al. 2012 - chronogram 2"
"n141","Carduelis citrinella","Carduelis corsicana",8.36449900000002,"Hedges et al. 2015 - chronogram 1"
"n145","Serinus atrogularis","Serinus citrinipectus",3.00161600000001,"Jetz et al. 2012 - chronogram 1"
"n145","Serinus atrogularis","Serinus citrinipectus",3.18845300000001,"Jetz et al. 2012 - chronogram 2"
"n145","Serinus atrogularis","Serinus citrinipectus",4.49615200000001,"Hedges et al. 2015 - chronogram 2"
"n145","Serinus atrogularis","Serinus citrinipectus",4.54691300000001,"Hedges et al. 2015 - chronogram 1"
"n146","Serinus atrogularis","Serinus leucopygius",2.47891500000001,"Jetz et al. 2012 - chronogram 1"
"n146","Serinus atrogularis","Serinus leucopygius",2.63321700000001,"Jetz et al. 2012 - chronogram 2"
"n146","Serinus atrogularis","Serinus leucopygius",3.40774800000002,"Hedges et al. 2015 - chronogram 1"
"n146","Serinus atrogularis","Serinus leucopygius",3.74440700000001,"Hedges et al. 2015 - chronogram 2"
"n147","Serinus hypostictus","Serinus scotops",3.19136800000001,"Jetz et al. 2012 - chronogram 1"
"n147","Serinus hypostictus","Serinus scotops",3.36502400000001,"Hedges et al. 2015 - chronogram 1"
"n147","Serinus hypostictus","Serinus scotops",3.39001650000001,"Jetz et al. 2012 - chronogram 2"
"n147","Serinus hypostictus","Serinus scotops",3.39002000000001,"Hedges et al. 2015 - chronogram 2"
"n149","Serinus striolatus","Serinus totta",5.12294800000001,"Jetz et al. 2012 - chronogram 1"
"n149","Serinus striolatus","Serinus totta",5.44182900000001,"Jetz et al. 2012 - chronogram 2"
"n149","Serinus striolatus","Serinus totta",5.44183000000001,"Hedges et al. 2015 - chronogram 2"
"n149","Serinus striolatus","Serinus totta",5.45996700000001,"Hedges et al. 2015 - chronogram 1"
"n150","Serinus striolatus","Serinus whytii",2.05708100000001,"Jetz et al. 2012 - chronogram 1"
"n150","Serinus striolatus","Serinus whytii",2.18512,"Hedges et al. 2015 - chronogram 2"
"n150","Serinus striolatus","Serinus whytii",2.18512500000001,"Jetz et al. 2012 - chronogram 2"
"n150","Serinus striolatus","Serinus whytii",2.27803100000001,"Hedges et al. 2015 - chronogram 1"
"n153","Haemorhous mexicanus","Haemorhous purpureus",11.401356,"Uyeda et al 2017"
"n154","Haemorhous cassinii","Haemorhous purpureus",3.54930800000001,"Jetz et al. 2012 - chronogram 1"
"n154","Haemorhous cassinii","Haemorhous purpureus",3.77023700000001,"Jetz et al. 2012 - chronogram 2"
"n155","Carpodacus nipalensis","Pinicola enucleator",11.272659,"Hooper et al. 2017"
"n155","Carpodacus nipalensis","Pinicola enucleator",11.5983654711,"Price et al. 2014 - chronogram 2"
"n155","Carpodacus nipalensis","Pinicola enucleator",13.7887813055556,"Jetz et al. 2012 - chronogram 1"
"n155","Carpodacus nipalensis","Pinicola enucleator",14.6470728888889,"Jetz et al. 2012 - chronogram 2"
"n156","Carpodacus nipalensis","Eremopsaltria mongolica",10.7125644741,"Price et al. 2014 - chronogram 2"
"n157","Carpodacus nipalensis","Carpodacus rubescens",9.7765326,"Price et al. 2014 - chronogram 2"
"n158","Carpodacus nipalensis","Leucosticte nemoricola",6.368704622,"Price et al. 2014 - chronogram 2"
"n158","Carpodacus nipalensis","Leucosticte nemoricola",7.0196025,"Jetz et al. 2012 - chronogram 1"
"n158","Carpodacus nipalensis","Leucosticte nemoricola",7.45654200000001,"Jetz et al. 2012 - chronogram 2"
"n159","Leucosticte nemoricola","Leucosticte sillemi",5.240442949,"Price et al. 2014 - chronogram 2"
"n159","Leucosticte nemoricola","Leucosticte sillemi",7.23794016666669,"Hedges et al. 2015 - chronogram 1"
"n159","Leucosticte nemoricola","Leucosticte sillemi",7.45654000000001,"Hedges et al. 2015 - chronogram 2"
"n160","Leucosticte arctoa","Leucosticte brandti",2.17309425000002,"Hedges et al. 2015 - chronogram 1"
"n160","Leucosticte arctoa","Leucosticte brandti",2.310607,"Jetz et al. 2012 - chronogram 1"
"n160","Leucosticte arctoa","Leucosticte brandti",2.45443000000001,"Hedges et al. 2015 - chronogram 2"
"n160","Leucosticte arctoa","Leucosticte brandti",2.45443200000001,"Jetz et al. 2012 - chronogram 2"
"n161","Leucosticte arctoa","Leucosticte tephrocotis",1.24398733333335,"Hedges et al. 2015 - chronogram 1"
"n161","Leucosticte arctoa","Leucosticte tephrocotis",1.406237,"Jetz et al. 2012 - chronogram 1"
"n161","Leucosticte arctoa","Leucosticte tephrocotis",1.49376900000001,"Jetz et al. 2012 - chronogram 2"
"n161","Leucosticte arctoa","Leucosticte tephrocotis",1.49377000000001,"Hedges et al. 2015 - chronogram 2"
"n162","Leucosticte australis","Leucosticte tephrocotis",0.187705000000008,"Jetz et al. 2012 - chronogram 1"
"n162","Leucosticte australis","Leucosticte tephrocotis",0.199389000000011,"Hedges et al. 2015 - chronogram 2"
"n162","Leucosticte australis","Leucosticte tephrocotis",0.199389000000018,"Jetz et al. 2012 - chronogram 2"
"n162","Leucosticte australis","Leucosticte tephrocotis",0.478917500000016,"Hedges et al. 2015 - chronogram 1"
"n163","Leucosticte atrata","Leucosticte australis",0.117610000000006,"Jetz et al. 2012 - chronogram 1"
"n163","Leucosticte atrata","Leucosticte australis",0.124931000000011,"Hedges et al. 2015 - chronogram 2"
"n163","Leucosticte atrata","Leucosticte australis",0.124931000000018,"Jetz et al. 2012 - chronogram 2"
"n163","Leucosticte atrata","Leucosticte australis",0.198052000000018,"Hedges et al. 2015 - chronogram 1"
"n164","Callacanthis burtoni","Carpodacus rubescens",8.712203631,"Price et al. 2014 - chronogram 2"
"n165","Callacanthis burtoni","Pyrrhoplectes epauletta",5.877640285,"Price et al. 2014 - chronogram 2"
"n166","Bucanetes githagineus","Eremopsaltria mongolica",5.465666,"Hooper et al. 2017"
"n166","Bucanetes githagineus","Eremopsaltria mongolica",5.76248200000001,"Jetz et al. 2012 - chronogram 1"
"n166","Bucanetes githagineus","Eremopsaltria mongolica",5.83977700000001,"Hedges et al. 2015 - chronogram 1"
"n166","Bucanetes githagineus","Eremopsaltria mongolica",6.12117000000001,"Hedges et al. 2015 - chronogram 2"
"n166","Bucanetes githagineus","Eremopsaltria mongolica",6.12117100000002,"Jetz et al. 2012 - chronogram 2"
"n167","Pinicola enucleator","Pyrrhula nipalensis",21.139719,"Roquet et al. 2014 - chronogram 1"
"n167","Pinicola enucleator","Pyrrhula nipalensis",21.139719,"Roquet et al. 2014 - chronogram 2"
"n168","Pyrrhula aurantiaca","Pyrrhula nipalensis",5.1741563831,"Price et al. 2014 - chronogram 2"
"n168","Pyrrhula aurantiaca","Pyrrhula nipalensis",8.17919430000001,"Hedges et al. 2015 - chronogram 1"
"n168","Pyrrhula aurantiaca","Pyrrhula nipalensis",8.37339000000001,"Hedges et al. 2015 - chronogram 2"
"n169","Pyrrhula leucogenis","Pyrrhula nipalensis",3.58812200000001,"Hedges et al. 2015 - chronogram 1"
"n170","Pyrrhula aurantiaca","Pyrrhula pyrrhula",3.393356,"Jetz et al. 2012 - chronogram 1"
"n170","Pyrrhula aurantiaca","Pyrrhula pyrrhula",3.60457700000001,"Jetz et al. 2012 - chronogram 2"
"n170","Pyrrhula aurantiaca","Pyrrhula pyrrhula",5.67968550000002,"Hedges et al. 2015 - chronogram 1"
"n170","Pyrrhula aurantiaca","Pyrrhula pyrrhula",5.75416700000001,"Hedges et al. 2015 - chronogram 2"
"n171","Pyrrhula aurantiaca","Pyrrhula erythaca",3.0766019911,"Price et al. 2014 - chronogram 2"
"n171","Pyrrhula aurantiaca","Pyrrhula erythaca",3.75014300000002,"Hedges et al. 2015 - chronogram 1"
"n171","Pyrrhula aurantiaca","Pyrrhula erythaca",3.77833000000001,"Hedges et al. 2015 - chronogram 2"
"n172","Pyrrhula erythaca","Pyrrhula erythrocephala",0.819977811100003,"Price et al. 2014 - chronogram 2"
"n172","Pyrrhula erythaca","Pyrrhula erythrocephala",1.31199900000001,"Hedges et al. 2015 - chronogram 1"
"n172","Pyrrhula erythaca","Pyrrhula erythrocephala",1.399055,"Jetz et al. 2012 - chronogram 1"
"n172","Pyrrhula erythaca","Pyrrhula erythrocephala",1.44057000000001,"Hedges et al. 2015 - chronogram 2"
"n172","Pyrrhula erythaca","Pyrrhula erythrocephala",1.48614000000001,"Jetz et al. 2012 - chronogram 2"
"n173","Pyrrhula murina","Pyrrhula pyrrhula",1.483,"Hedges et al. 2015 - chronogram 2"
"n173","Pyrrhula murina","Pyrrhula pyrrhula",1.78253300000002,"Hedges et al. 2015 - chronogram 1"
"n175","Carpodacus erythrinus","Carpodacus synoicus",9.888871,"Hooper et al. 2017"
"n175","Carpodacus erythrinus","Carpodacus synoicus",10.987959532,"Price et al. 2014 - chronogram 2"
"n176","Carpodacus edwardsii","Carpodacus synoicus",9.052905147,"Price et al. 2014 - chronogram 2"
"n180","Carpodacus puniceus","Carpodacus roseus",7.440244145,"Price et al. 2014 - chronogram 2"
"n181","Carpodacus roseus","Carpodacus trifasciatus",6.31386150000001,"Jetz et al. 2012 - chronogram 1"
"n181","Carpodacus roseus","Carpodacus trifasciatus",6.70687150000001,"Jetz et al. 2012 - chronogram 2"
"n181","Carpodacus roseus","Carpodacus trifasciatus",7.58482600000002,"Hedges et al. 2015 - chronogram 1"
"n181","Carpodacus roseus","Carpodacus trifasciatus",7.60343500000001,"Hedges et al. 2015 - chronogram 2"
"n182","Carpodacus thura","Carpodacus trifasciatus",5.07398400000001,"Jetz et al. 2012 - chronogram 1"
"n182","Carpodacus thura","Carpodacus trifasciatus",5.38981700000001,"Jetz et al. 2012 - chronogram 2"
"n183","Carpodacus puniceus","Pinicola subhimachala",5.67047168000001,"Price et al. 2014 - chronogram 2"
"n185","Carpodacus rubicilla","Carpodacus rubicilloides",2.2930062492,"Price et al. 2014 - chronogram 2"
"n187","Carpodacus edwardsii","Carpodacus rhodochlamys",6.6131064212,"Price et al. 2014 - chronogram 2"
"n189","Carpodacus edwardsii","Carpodacus rodopeplus",4.7306712041,"Price et al. 2014 - chronogram 2"
"n193","Carpodacus grandis","Carpodacus rhodochlamys",4.4728941431,"Price et al. 2014 - chronogram 2"
"n194","Carpodacus erythrinus","Haematospiza sipahi",8.376098639,"Price et al. 2014 - chronogram 2"
"n196","Hemignathus parvus","Oreomystis bairdi",6.16067983333334,"Hedges et al. 2015 - chronogram 2"
"n196","Hemignathus parvus","Oreomystis bairdi",6.60352413333335,"Hedges et al. 2015 - chronogram 1"
"n196","Hemignathus parvus","Oreomystis bairdi",7.14651610714287,"Jetz et al. 2012 - chronogram 1"
"n196","Hemignathus parvus","Oreomystis bairdi",7.5913552857143,"Jetz et al. 2012 - chronogram 2"
"n197","Hemignathus parvus","Telespiza cantans",4.66718977272728,"Hedges et al. 2015 - chronogram 2"
"n197","Hemignathus parvus","Telespiza cantans",5.07504229166668,"Hedges et al. 2015 - chronogram 1"
"n197","Hemignathus parvus","Telespiza cantans",5.37011313636364,"Jetz et al. 2012 - chronogram 1"
"n197","Hemignathus parvus","Telespiza cantans",5.70437972727274,"Jetz et al. 2012 - chronogram 2"
"n197","Hemignathus parvus","Telespiza cantans",5.708061,"Uyeda et al 2017"
"n198","Hemignathus parvus","Palmeria dolei",4.22999968750001,"Hedges et al. 2015 - chronogram 2"
"n198","Hemignathus parvus","Palmeria dolei",4.62170118750001,"Jetz et al. 2012 - chronogram 1"
"n198","Hemignathus parvus","Palmeria dolei",4.75590125000002,"Hedges et al. 2015 - chronogram 1"
"n198","Hemignathus parvus","Palmeria dolei",4.90938231250001,"Jetz et al. 2012 - chronogram 2"
"n199","Hemignathus munroi","Hemignathus parvus",4.22999964285716,"Hedges et al. 2015 - chronogram 2"
"n202","Loxops coccineus","Loxops mana",2.549268,"Jetz et al. 2012 - chronogram 1"
"n202","Loxops coccineus","Loxops mana",2.70794800000002,"Jetz et al. 2012 - chronogram 2"
"n203","Loxops caeruleirostris","Loxops coccineus",1.44112500000001,"Jetz et al. 2012 - chronogram 1"
"n203","Loxops caeruleirostris","Loxops coccineus",1.46041500000001,"Hedges et al. 2015 - chronogram 2"
"n203","Loxops caeruleirostris","Loxops coccineus",1.53082800000001,"Jetz et al. 2012 - chronogram 2"
"n203","Loxops caeruleirostris","Loxops coccineus",1.68541200000001,"Hedges et al. 2015 - chronogram 1"
"n204","Hemignathus flavus","Hemignathus kauaiensis",1.48983,"Jetz et al. 2012 - chronogram 1"
"n204","Hemignathus flavus","Hemignathus kauaiensis",1.58256600000001,"Jetz et al. 2012 - chronogram 2"
"n205","Hemignathus flavus","Hemignathus stejnegeri",1.45292300000002,"Hedges et al. 2015 - chronogram 1"
"n205","Hemignathus flavus","Hemignathus stejnegeri",1.52000000000002,"Hedges et al. 2015 - chronogram 2"
"n206","Palmeria dolei","Vestiaria coccinea",2.01762350000001,"Hedges et al. 2015 - chronogram 1"
"n206","Palmeria dolei","Vestiaria coccinea",2.05641000000001,"Hedges et al. 2015 - chronogram 2"
"n206","Palmeria dolei","Vestiaria coccinea",2.384398,"Jetz et al. 2012 - chronogram 1"
"n206","Palmeria dolei","Vestiaria coccinea",2.53281600000001,"Jetz et al. 2012 - chronogram 2"
"n207","Himatione sanguinea","Palmeria dolei",1.34782400000001,"Hedges et al. 2015 - chronogram 1"
"n207","Himatione sanguinea","Palmeria dolei",1.67288500000002,"Hedges et al. 2015 - chronogram 2"
"n207","Himatione sanguinea","Palmeria dolei",1.86940500000001,"Jetz et al. 2012 - chronogram 1"
"n207","Himatione sanguinea","Palmeria dolei",1.98576700000001,"Jetz et al. 2012 - chronogram 2"
"n208","Loxioides bailleui","Telespiza cantans",3.13749250000001,"Hedges et al. 2015 - chronogram 1"
"n208","Loxioides bailleui","Telespiza cantans",3.32058500000001,"Hedges et al. 2015 - chronogram 2"
"n208","Loxioides bailleui","Telespiza cantans",3.99264300000001,"Jetz et al. 2012 - chronogram 1"
"n208","Loxioides bailleui","Telespiza cantans",4.24116800000002,"Jetz et al. 2012 - chronogram 2"
"n209","Telespiza cantans","Telespiza ultima",0.917865000000006,"Hedges et al. 2015 - chronogram 2"
"n209","Telespiza cantans","Telespiza ultima",1.08369200000001,"Hedges et al. 2015 - chronogram 1"
"n209","Telespiza cantans","Telespiza ultima",1.29511300000001,"Jetz et al. 2012 - chronogram 1"
"n209","Telespiza cantans","Telespiza ultima",1.37572800000002,"Jetz et al. 2012 - chronogram 2"
"n210","Oreomystis bairdi","Paroreomyza montana",1.0536064347,"Barker et al. 2013"
"n210","Oreomystis bairdi","Paroreomyza montana",1.095642,"Barker et al. 2015 - chronogram 1"
"n210","Oreomystis bairdi","Paroreomyza montana",2.03166000000002,"Hedges et al. 2015 - chronogram 1"
"n210","Oreomystis bairdi","Paroreomyza montana",2.51441700000001,"Barker et al. 2015 - chronogram 2"
"n210","Oreomystis bairdi","Paroreomyza montana",5.41954500000001,"Jetz et al. 2012 - chronogram 1"
"n210","Oreomystis bairdi","Paroreomyza montana",5.75688700000001,"Jetz et al. 2012 - chronogram 2"
"n211","Eophona migratoria","Mycerobas carnipes",13.9549165,"Jetz et al. 2012 - chronogram 1"
"n211","Eophona migratoria","Mycerobas carnipes",14.8006135,"Hedges et al. 2015 - chronogram 1"
"n211","Eophona migratoria","Mycerobas carnipes",14.82354,"Hedges et al. 2015 - chronogram 2"
"n211","Eophona migratoria","Mycerobas carnipes",14.823548,"Jetz et al. 2012 - chronogram 2"
"n213","Coccothraustes coccothraustes","Eophona migratoria",10.546601,"Hooper et al. 2017"
"n214","Eophona migratoria","Eophona personata",3.29308,"Hooper et al. 2017"
"n214","Eophona migratoria","Eophona personata",3.765601,"Jetz et al. 2012 - chronogram 1"
"n214","Eophona migratoria","Eophona personata",3.99999300000002,"Jetz et al. 2012 - chronogram 2"
"n214","Eophona migratoria","Eophona personata",4.16595500000001,"Hedges et al. 2015 - chronogram 1"
"n214","Eophona migratoria","Eophona personata",4.39999500000001,"Hedges et al. 2015 - chronogram 2"
"n215","Mycerobas affinis","Mycerobas carnipes",8.5714721798,"Price et al. 2014 - chronogram 2"
"n215","Mycerobas affinis","Mycerobas carnipes",10.421792,"Jetz et al. 2012 - chronogram 1"
"n215","Mycerobas affinis","Mycerobas carnipes",11.070503,"Jetz et al. 2012 - chronogram 2"
"n215","Mycerobas affinis","Mycerobas carnipes",11.394498,"Hedges et al. 2015 - chronogram 1"
"n215","Mycerobas affinis","Mycerobas carnipes",11.53525,"Hedges et al. 2015 - chronogram 2"
"n216","Mycerobas carnipes","Mycerobas melanozanthos",7.6628416517,"Price et al. 2014 - chronogram 2"
"n217","Mycerobas affinis","Mycerobas icterioides",5.5082201908,"Price et al. 2014 - chronogram 2"
"n218","Euphonia anneae","Euphonia elegantissima",7.660052,"Barker et al. 2015 - chronogram 1"
"n218","Euphonia anneae","Euphonia elegantissima",7.7150888737,"Barker et al. 2013"
"n218","Euphonia anneae","Euphonia elegantissima",7.995744,"Barker et al. 2015 - chronogram 2"
"n219","Euphonia gouldi","Euphonia pectoralis",10.420674,"Jetz et al. 2012 - chronogram 1"
"n219","Euphonia gouldi","Euphonia pectoralis",11.06931,"Hedges et al. 2015 - chronogram 2"
"n219","Euphonia gouldi","Euphonia pectoralis",11.0693155,"Jetz et al. 2012 - chronogram 2"
"n220","Euphonia gouldi","Euphonia hirundinacea",8.63391200000001,"Jetz et al. 2012 - chronogram 1"
"n220","Euphonia gouldi","Euphonia hirundinacea",9.17133000000001,"Hedges et al. 2015 - chronogram 2"
"n220","Euphonia gouldi","Euphonia hirundinacea",9.17133550000001,"Jetz et al. 2012 - chronogram 2"
"n221","Euphonia fulvicrissa","Euphonia gouldi",2.38584400000001,"Jetz et al. 2012 - chronogram 1"
"n221","Euphonia fulvicrissa","Euphonia gouldi",2.38690900000002,"Hedges et al. 2015 - chronogram 1"
"n221","Euphonia fulvicrissa","Euphonia gouldi",2.53435000000001,"Hedges et al. 2015 - chronogram 2"
"n221","Euphonia fulvicrissa","Euphonia gouldi",2.53435200000001,"Jetz et al. 2012 - chronogram 2"
"n222","Euphonia hirundinacea","Euphonia minuta",4.99132500000001,"Jetz et al. 2012 - chronogram 1"
"n222","Euphonia hirundinacea","Euphonia minuta",5.30201000000001,"Hedges et al. 2015 - chronogram 2"
"n222","Euphonia hirundinacea","Euphonia minuta",5.30201300000001,"Jetz et al. 2012 - chronogram 2"
"n226","Euphonia affinis","Euphonia pectoralis",8.09445900000001,"Jetz et al. 2012 - chronogram 1"
"n226","Euphonia affinis","Euphonia pectoralis",8.40714750000001,"Hedges et al. 2015 - chronogram 1"
"n226","Euphonia affinis","Euphonia pectoralis",8.59830000000001,"Hedges et al. 2015 - chronogram 2"
"n226","Euphonia affinis","Euphonia pectoralis",8.59830333333335,"Jetz et al. 2012 - chronogram 2"
"n227","Euphonia affinis","Euphonia chlorotica",6.34376900000001,"Jetz et al. 2012 - chronogram 1"
"n227","Euphonia affinis","Euphonia chlorotica",6.49404100000001,"Hedges et al. 2015 - chronogram 1"
"n227","Euphonia affinis","Euphonia chlorotica",6.73864000000001,"Hedges et al. 2015 - chronogram 2"
"n227","Euphonia affinis","Euphonia chlorotica",6.73864050000002,"Jetz et al. 2012 - chronogram 2"
"n228","Euphonia chlorotica","Euphonia finschi",4.08624000000001,"Jetz et al. 2012 - chronogram 1"
"n228","Euphonia chlorotica","Euphonia finschi",4.34059000000001,"Hedges et al. 2015 - chronogram 2"
"n228","Euphonia chlorotica","Euphonia finschi",4.34059100000002,"Jetz et al. 2012 - chronogram 2"
"n228","Euphonia chlorotica","Euphonia finschi",4.52540200000001,"Hedges et al. 2015 - chronogram 1"
"n230","Chlorophonia flavirostris","Chlorophonia occipitalis",1.91204600000001,"Jetz et al. 2012 - chronogram 1"
"n230","Chlorophonia flavirostris","Chlorophonia occipitalis",1.92590000000001,"Hedges et al. 2015 - chronogram 2"
"n230","Chlorophonia flavirostris","Chlorophonia occipitalis",1.92590000000001,"Jetz et al. 2012 - chronogram 2"
"n230","Chlorophonia flavirostris","Chlorophonia occipitalis",2.13682500000002,"Hedges et al. 2015 - chronogram 1"
"n231","Euphonia cyanocephala","Euphonia musica",3.42739700000001,"Jetz et al. 2012 - chronogram 1"
"n231","Euphonia cyanocephala","Euphonia musica",3.64073800000001,"Jetz et al. 2012 - chronogram 2"
"n231","Euphonia cyanocephala","Euphonia musica",3.64074000000001,"Hedges et al. 2015 - chronogram 2"
"n231","Euphonia cyanocephala","Euphonia musica",3.71238200000001,"Hedges et al. 2015 - chronogram 1"
"n232","Fringilla montifringilla","Fringilla teydea",3.303459406,"Kimball et al. 2019 - chronogram 1"
"n232","Fringilla montifringilla","Fringilla teydea",3.307173014,"Kimball et al. 2019 - chronogram 2"
"n232","Fringilla montifringilla","Fringilla teydea",7.04150000000001,"Jetz et al. 2012 - chronogram 1"
"n232","Fringilla montifringilla","Fringilla teydea",7.47980200000001,"Jetz et al. 2012 - chronogram 2"
"n232","Fringilla montifringilla","Fringilla teydea",7.555301,"Hooper et al. 2017"
"n232","Fringilla montifringilla","Fringilla teydea",9.103021,"Roquet et al. 2014 - chronogram 1"
"n232","Fringilla montifringilla","Fringilla teydea",9.103021,"Roquet et al. 2014 - chronogram 2"
"n233","Fringilla coelebs","Fringilla teydea",3.37066100000001,"Hedges et al. 2015 - chronogram 1"
"n233","Fringilla coelebs","Fringilla teydea",3.38404000000001,"Hedges et al. 2015 - chronogram 2"
"n233","Fringilla coelebs","Fringilla teydea",4.49809200000001,"Jetz et al. 2012 - chronogram 1"
"n233","Fringilla coelebs","Fringilla teydea",4.77807800000001,"Jetz et al. 2012 - chronogram 2"
